,explain_path,photo_path,name,design,built_year,re_year,build_type,loc,area,ground_floor,underground_floor,wall,roof,window,windowframe,airtight,windowcontrol,awning,coolheat,ventilation,lighting,sunlight,solarheat,geothermal,windpower,bio,fuelcell,cogeneration,ess,re_cost,re_energy
0,https://raw.githubusercontent.com/Saem-repo/remodel_app/master/img/pop_up/Explain_1.png,img/rec_fig/1.png,충북 보은군 장애인회관,1,2002 ,2014,8,4,1565,4 ,0 ,1,0,0,0,0,0,0,1,1,0,0,0,0,0,0,0,0,0,176526140 ,0.10 
1,https://raw.githubusercontent.com/Saem-repo/remodel_app/master/img/pop_up/Explain_2.png,img/rec_fig/2.png,경북 성주군청사,1,1995 ,2005,11,11,9179.64,6 ,1 ,1,0,0,1,1,0,1,0,1,0,0,0,0,0,0,0,0,0,2360000000 ,0.77 
2,https://raw.githubusercontent.com/Saem-repo/remodel_app/master/img/pop_up/Explain_3.png,img/rec_fig/3.png,강원 양구군청사,1,1984 ,2017,11,16,3533,3 ,0 ,1,0,0,0,0,0,0,0,0,0,1,0,0,0,0,0,0,0,253417752 ,0.18 
3,https://raw.githubusercontent.com/Saem-repo/remodel_app/master/img/pop_up/Explain_4.png,img/rec_fig/4.png,전남 영암군 군서면사무소,1,1991 ,2013,11,9,762.9,2 ,0 ,1,0,1,0,0,0,0,1,0,0,0,0,0,0,0,0,0,0,28800000 ,0.46 
4,https://raw.githubusercontent.com/Saem-repo/remodel_app/master/img/pop_up/Explain_5.png,img/rec_fig/5.png,전남 영암군 미암면사무소,1,1988 ,2005,11,9,566,2 ,0 ,1,0,1,0,0,0,0,1,0,0,0,0,0,0,0,0,0,0,220000000 ,0.41 
5,https://raw.githubusercontent.com/Saem-repo/remodel_app/master/img/pop_up/Explain_6.png,img/rec_fig/6.png,한국 폴리텍대학 창원캠퍼스,2,1981 ,2019,7,12,3104,2 ,1 ,1,0,0,1,0,0,1,1,0,0,0,0,0,0,0,0,0,0,990000000 ,0.74 
6,https://raw.githubusercontent.com/Saem-repo/remodel_app/master/img/pop_up/Explain_7.png,img/rec_fig/7.png,대전광역시청사,2,1999 ,2013,11,13,87742,2 ,2 ,0,0,0,1,0,0,1,1,0,1,0,0,0,0,0,0,0,0,2759000000 ,0.22 
7,https://raw.githubusercontent.com/Saem-repo/remodel_app/master/img/pop_up/Explain_8.png,img/rec_fig/8.png,세종시청 조치원청사 C동,2,1988 ,2012,11,7,1647,3 ,1 ,1,0,0,0,0,0,0,0,1,1,0,0,0,0,0,0,0,0,302359500 ,0.21 
8,https://raw.githubusercontent.com/Saem-repo/remodel_app/master/img/pop_up/Explain_9.png,img/rec_fig/9.png,헌법재판소,1,1993 ,2011,11,1,19270,5 ,1 ,1,0,1,0,0,0,0,0,1,0,0,0,0,0,0,0,0,0,11027000000 ,0.68 
9,https://raw.githubusercontent.com/Saem-repo/remodel_app/master/img/pop_up/Explain_10.png,img/rec_fig/10.png,부산연제경찰서,1,1991 ,2017,11,14,7357,4 ,1 ,1,0,1,0,0,0,0,1,0,1,0,1,0,0,0,0,0,0,1601000000 ,0.39 
10,https://raw.githubusercontent.com/Saem-repo/remodel_app/master/img/pop_up/Explain_11.png,img/rec_fig/11.png,제주도 서귀포시 평생학습관,1,1998 ,2017,11,17,1016,2 ,1 ,1,0,1,0,0,0,0,1,1,0,1,0,0,0,0,0,0,0,549000000 ,0.28 
11,https://raw.githubusercontent.com/Saem-repo/remodel_app/master/img/pop_up/Explain_12.png,img/rec_fig/12.png,강릉 장애인직업재활시설 사랑의 일터,1,2003 ,2017,8,16,630,2 ,1 ,1,0,1,1,0,0,1,1,1,0,0,0,0,0,0,0,0,0,487000000 ,0.38 
12,https://raw.githubusercontent.com/Saem-repo/remodel_app/master/img/pop_up/Explain_13.png,img/rec_fig/13.png,정보통신기술진흥센터 청사,1,1995 ,2017,11,6,19354,6 ,1 ,1,0,0,1,0,0,1,0,0,0,0,0,0,0,0,1,0,0,3288000000 ,0.60 
13,https://raw.githubusercontent.com/Saem-repo/remodel_app/master/img/pop_up/Explain_14.png,img/rec_fig/14.png,전남 보성군 복내면사무소,1,1989 ,2017,11,10,495,2 ,1 ,1,0,0,0,0,0,0,1,0,0,1,0,0,0,0,0,0,0,586000000 ,0.62 
14,https://raw.githubusercontent.com/Saem-repo/remodel_app/master/img/pop_up/Explain_15.png,img/rec_fig/15.png,경기도 부천시 춘의동사무소,1,1985 ,2017,11,2,731,3 ,1 ,1,0,1,0,1,0,0,0,0,1,1,0,0,0,0,0,0,0,321000000 ,0.59 
15,https://raw.githubusercontent.com/Saem-repo/remodel_app/master/img/pop_up/Explain_16.png,img/rec_fig/16.png,한국연구재단 대전청사 본관,1,1990 ,2017,11,6,5443,4 ,1 ,0,0,0,1,0,0,1,1,0,0,0,0,0,0,0,0,0,0,3954000000 ,0.50 
16,https://raw.githubusercontent.com/Saem-repo/remodel_app/master/img/pop_up/Explain_17.png,img/rec_fig/17.png,한국교통대학교 화학생명관,1,1985 ,2017,7,4,7367,4 ,1 ,1,0,1,0,0,0,0,1,1,1,1,0,0,0,0,0,0,0,2947000000 ,0.74 
17,https://raw.githubusercontent.com/Saem-repo/remodel_app/master/img/pop_up/Explain_18.png,img/rec_fig/18.png,강릉 입암3아파트 사회복지관,1,1994 ,2017,11,16,1615.01,2 ,1 ,1,0,1,0,0,0,0,1,1,0,0,1,0,0,0,0,0,0,409000000 ,0.39 
18,https://raw.githubusercontent.com/Saem-repo/remodel_app/master/img/pop_up/Explain_19.png,img/rec_fig/19.png,경기도 시흥시 ABC 행복학습타운,1,1988 ,2017,7,2,17784,3 ,1 ,1,0,1,0,0,0,0,1,1,1,0,0,0,0,0,0,0,0,1303000000 ,0.56 
19,https://raw.githubusercontent.com/Saem-repo/remodel_app/master/img/pop_up/Explain_20.png,img/rec_fig/20.png,대구 달서구청,1,1992 ,2017,11,13,17898,8 ,1 ,1,0,1,0,0,0,0,1,1,0,1,0,0,0,0,0,0,0,2720000000 ,0.27 
20,https://raw.githubusercontent.com/Saem-repo/remodel_app/master/img/pop_up/Explain_21.png,img/rec_fig/21.png,충청북도 자치연수원 공무원교육관,1,1996 ,2017,11,4,9591,3 ,1 ,1,0,1,0,0,0,0,0,0,1,1,0,0,0,0,0,0,0,2168000000 ,0.68 
21,https://raw.githubusercontent.com/Saem-repo/remodel_app/master/img/pop_up/Explain_22.png,img/rec_fig/22.png,충주 성내동우체국,1,1977 ,2017,11,4,2863,3 ,1 ,1,0,1,0,1,0,0,1,1,1,1,0,0,0,0,0,0,0,1927000000 ,0.71 
22,https://raw.githubusercontent.com/Saem-repo/remodel_app/master/img/pop_up/Explain_23.png,img/rec_fig/23.png,구) 남원역사,1,1986 ,2017,11,8,761,1 ,0 ,1,0,0,0,0,0,0,0,0,0,0,0,0,0,0,0,0,0,440000000 ,0.58 
23,https://raw.githubusercontent.com/Saem-repo/remodel_app/master/img/pop_up/Explain_24.png,img/rec_fig/24.png,전남 광양시 의회청사,1,1993 ,2018,11,9,6895,5 ,1 ,1,0,1,1,1,0,1,1,1,0,0,0,0,0,0,0,0,0,1396000000 ,0.69 
24,https://raw.githubusercontent.com/Saem-repo/remodel_app/master/img/pop_up/Explain_25.png,img/rec_fig/25.png,충북 음성군청 본청사,1,1995 ,2018,11,4,8684,6 ,1 ,1,0,1,0,1,0,0,1,0,1,1,0,0,0,0,1,0,0,4319000000 ,0.60 
25,https://raw.githubusercontent.com/Saem-repo/remodel_app/master/img/pop_up/Explain_26.png,img/rec_fig/26.png,진주 평거2주공아파트,1,1991 ,2018,2,12,22036,6 ,1 ,1,0,1,0,0,0,0,0,1,1,1,0,0,0,0,0,0,0,3172000000 ,0.48 
26,https://raw.githubusercontent.com/Saem-repo/remodel_app/master/img/pop_up/Explain_27.png,img/rec_fig/27.png,충북 중앙경찰학교 1강의동,1,1987 ,2018,7,4,8732,4 ,1 ,1,0,1,0,1,0,0,1,1,1,1,0,0,0,0,0,0,0,4892000000 ,0.28 
27,https://raw.githubusercontent.com/Saem-repo/remodel_app/master/img/pop_up/Explain_28.png,img/rec_fig/28.png,과천시민회관,1,1995 ,2018,11,2,41056,4 ,3 ,1,0,0,0,1,0,0,1,1,0,0,0,0,0,0,0,0,0,1167000000 ,0.51 
28,https://raw.githubusercontent.com/Saem-repo/remodel_app/master/img/pop_up/Explain_29.png,img/rec_fig/29.png,경북 구미시청 본관,1,1979 ,2018,11,11,8360,5 ,1 ,1,0,1,1,1,0,1,1,1,1,1,0,0,0,0,1,0,0,6074000000 ,0.44 
29,https://raw.githubusercontent.com/Saem-repo/remodel_app/master/img/pop_up/Explain_30.png,img/rec_fig/30.png,부산 금정구청,1,1991 ,2018,11,14,14464,8 ,2 ,1,0,1,0,1,0,0,1,1,1,1,0,0,0,0,0,0,0,6891000000 ,0.61 
30,https://raw.githubusercontent.com/Saem-repo/remodel_app/master/img/pop_up/Explain_31.png,img/rec_fig/31.png,경남 하동군청사,1,1992 ,2018,11,12,5330,3 ,1 ,1,0,1,0,1,0,0,1,1,1,1,0,0,0,0,0,0,0,144100000 ,0.50 
31,https://raw.githubusercontent.com/Saem-repo/remodel_app/master/img/pop_up/Explain_32.png,img/rec_fig/32.png,하남시 신장도서관,1,1996 ,2018,3,2,2145,3 ,1 ,1,0,1,0,0,0,0,1,1,0,1,0,0,0,0,0,0,0,2233000000 ,0.90 
32,https://raw.githubusercontent.com/Saem-repo/remodel_app/master/img/pop_up/Explain_33.png,img/rec_fig/33.png,부산 중구청,1,1988 ,2018,11,14,7860,8 ,2 ,1,0,1,0,1,0,0,1,1,1,1,0,0,0,0,0,0,0,4855000000 ,0.46 
33,https://raw.githubusercontent.com/Saem-repo/remodel_app/master/img/pop_up/Explain_34.png,img/rec_fig/34.png,대구 시립중앙도서관,1,1985 ,2018,7,13,10181,4 ,1 ,1,0,1,0,0,0,0,1,1,1,1,0,0,0,0,0,0,0,3533000000 ,0.51 
34,https://raw.githubusercontent.com/Saem-repo/remodel_app/master/img/pop_up/Explain_35.png,img/rec_fig/35.png,충남 청양 우체국,1,1991 ,2018,11,5,1569,2 ,1 ,1,0,1,0,0,0,0,1,1,0,1,0,0,0,0,0,0,0,694000000 ,0.63 
35,https://raw.githubusercontent.com/Saem-repo/remodel_app/master/img/pop_up/Explain_36.png,img/rec_fig/36.png,국립농산물품질관리원 경남지원,1,1988 ,2018,11,12,1697,5 ,1 ,1,0,1,0,1,0,0,0,1,1,1,0,0,0,0,0,0,0,698000000 ,0.57 
36,https://raw.githubusercontent.com/Saem-repo/remodel_app/master/img/pop_up/Explain_37.png,img/rec_fig/37.png,한국철도공사 동대구역사,1,1971 ,2018,11,13,31965,5 ,1 ,1,0,1,1,0,0,1,1,1,1,1,0,0,0,0,0,0,0,17458000000 ,0.81 
37,https://raw.githubusercontent.com/Saem-repo/remodel_app/master/img/pop_up/Explain_38.png,img/rec_fig/38.png,전남 장성군 북일면 행정복지센터,1,1989 ,2018,11,9,722,2 ,1 ,1,0,1,0,1,0,0,1,1,1,1,0,0,0,0,0,0,0,447000000 ,0.72 
38,https://raw.githubusercontent.com/Saem-repo/remodel_app/master/img/pop_up/Explain_39.png,img/rec_fig/39.png,강원대학교 농업생명과학대학 1호관,1,1978 ,2018,7,16,4222,4 ,1 ,1,0,1,0,0,0,0,1,1,0,1,0,0,0,0,0,0,0,2033000000 ,0.87 
39,https://raw.githubusercontent.com/Saem-repo/remodel_app/master/img/pop_up/Explain_40.png,img/rec_fig/40.png,서울 서초구 서운중학교,1,1984 ,2018,7,1,8662,4 ,1 ,1,0,1,1,0,0,1,1,1,1,1,0,0,0,0,0,0,0,3057000000 ,0.52 
40,https://raw.githubusercontent.com/Saem-repo/remodel_app/master/img/pop_up/Explain_41.png,img/rec_fig/41.png,서울대학교 공학관2(31동),1,1979 ,2018,7,1,6987,4 ,1 ,1,0,1,0,0,0,0,1,0,1,1,0,0,0,0,0,0,0,1776000000 ,0.46 
41,https://raw.githubusercontent.com/Saem-repo/remodel_app/master/img/pop_up/Explain_42.png,img/rec_fig/42.png,한국철도공사서울사옥,1,1979 ,2018,11,1,23272.28,8 ,2 ,1,0,1,0,1,0,0,0,1,1,1,0,0,0,0,0,0,0,4646000000 ,0.39 
42,https://raw.githubusercontent.com/Saem-repo/remodel_app/master/img/pop_up/Explain_43.png,img/rec_fig/43.png,부산 범일2동 주민센터,1,1989 ,2016,11,14,400.26,2 ,1 ,1,0,0,0,0,0,0,1,1,1,1,0,0,0,0,0,0,0,380000000 ,0.80 
43,https://raw.githubusercontent.com/Saem-repo/remodel_app/master/img/pop_up/Explain_44.png,img/rec_fig/44.png,대구 침산1동 주민센터,1,1992 ,2017,11,13,551.48,2 ,1 ,1,0,1,1,0,0,1,0,1,1,1,0,0,0,0,0,0,0,345000000 ,0.65 
44,https://raw.githubusercontent.com/Saem-repo/remodel_app/master/img/pop_up/Explain_45.png,img/rec_fig/45.png,한국 환경산업 기술원 연수동,1,1977 ,2014,11,1,3514,4 ,1 ,1,0,1,0,0,0,0,1,1,1,1,0,0,0,0,0,0,0,4795000 ,0.67 
45,https://raw.githubusercontent.com/Saem-repo/remodel_app/master/img/pop_up/Explain_46.png,img/rec_fig/46.png,인천 의료원 장례식장,1,1997 ,2016,15,3,3469,4 ,1 ,1,0,1,0,1,0,0,1,1,1,1,1,0,0,0,0,0,0,,0.39 
46,https://raw.githubusercontent.com/Saem-repo/remodel_app/master/img/pop_up/Explain_47.png,img/rec_fig/47.png,춘천 교도소,1,1981 ,2014,16,16,112554,2 ,1 ,1,0,1,1,0,0,1,1,1,1,0,1,0,0,0,0,0,0,770960 ,0.59 
47,https://raw.githubusercontent.com/Saem-repo/remodel_app/master/img/pop_up/Explain_48.png,img/rec_fig/48.png,목포 대학교 사회 과학관,1,1982 ,2014,7,9,13605,4 ,1 ,1,0,1,0,0,0,0,1,1,1,1,1,1,0,0,0,0,0,2740000 ,0.41 
48,https://raw.githubusercontent.com/Saem-repo/remodel_app/master/img/pop_up/Explain_49.png,img/rec_fig/49.png,정읍시 연지청사,1,1990 ,2014,11,8,1739,4 ,1 ,1,0,0,0,0,0,0,0,1,1,1,1,0,0,0,0,0,0,1641828 ,0.29 
49,https://raw.githubusercontent.com/Saem-repo/remodel_app/master/img/pop_up/Explain_50.png,img/rec_fig/50.png,거창 여자고등학교,1,1972 ,2014,7,12,9487,3 ,1 ,1,0,1,0,0,0,0,0,1,1,1,1,0,0,0,0,0,0,,0.36 
50,https://raw.githubusercontent.com/Saem-repo/remodel_app/master/img/pop_up/Explain_51.png,img/rec_fig/51.png,통영시청 제2청사,1,1989 ,2020,11,12,5684.6,5 ,1 ,0,0,0,0,0,0,0,0,0,0,0,0,0,0,0,0,0,0,,0.24 
51,https://raw.githubusercontent.com/Saem-repo/remodel_app/master/img/pop_up/Explain_52.png,img/rec_fig/52.png,영천시청 본관,1,1989 ,2020,11,11,5495.5,3 ,0 ,1,0,0,0,0,0,0,0,1,0,1,0,0,0,0,0,0,0,,0.13 
52,https://raw.githubusercontent.com/Saem-repo/remodel_app/master/img/pop_up/Explain_53.png,img/rec_fig/53.png,경찰청사 남관,1,1989 ,2020,11,1,3571,1 ,1 ,0,0,0,0,0,0,0,0,0,0,0,0,0,0,0,0,0,0,,0.36 
53,https://raw.githubusercontent.com/Saem-repo/remodel_app/master/img/pop_up/Explain_54.png,img/rec_fig/54.png,서울도봉경찰서,1,1989 ,2020,11,1,9099.9,4 ,1 ,0,0,0,0,0,0,0,0,0,1,0,0,0,0,0,0,0,0,,0.24 
54,https://raw.githubusercontent.com/Saem-repo/remodel_app/master/img/pop_up/Explain_55.png,img/rec_fig/55.png,전라북도 농업기술원,1,1989 ,2020,7,8,14413.5,3 ,0 ,1,0,0,0,0,0,0,0,0,0,0,0,0,0,0,0,0,0,,0.28 
55,https://raw.githubusercontent.com/Saem-repo/remodel_app/master/img/pop_up/Explain_56.png,img/rec_fig/56.png,통영시 수산과학관,1,1989 ,2020,7,12,3587,2 ,1 ,1,0,0,0,0,0,0,0,0,0,0,0,0,0,0,0,0,0,,0.24 
56,https://raw.githubusercontent.com/Saem-repo/remodel_app/master/img/pop_up/Explain_57.png,img/rec_fig/57.png,목포자연사박물관 자연사관동,1,1989 ,2020,7,9,6610.9,4 ,1 ,1,0,0,0,0,0,0,0,0,0,0,0,0,0,0,0,0,0,,0.22 
57,https://raw.githubusercontent.com/Saem-repo/remodel_app/master/img/pop_up/Explain_58.png,img/rec_fig/58.png,동학농민혁명기념관(전시관동),1,1989 ,2020,3,8,3945.7,4 ,1 ,0,0,1,0,0,0,0,0,0,0,0,0,0,0,0,0,0,0,,0.23 
58,https://raw.githubusercontent.com/Saem-repo/remodel_app/master/img/pop_up/Explain_59.png,img/rec_fig/59.png,서울대학교 052(예술관(미대)3),1,1989 ,2020,7,1,4383.7,4 ,1 ,0,0,0,0,0,0,0,0,0,1,0,0,0,0,0,0,0,0,,0.48 
59,https://raw.githubusercontent.com/Saem-repo/remodel_app/master/img/pop_up/Explain_60.png,img/rec_fig/60.png,서울대학교 021(약학관1),1,1989 ,2020,7,1,6575.5,4 ,1 ,0,0,0,0,0,0,0,0,0,1,0,0,0,0,0,0,0,0,,0.42 
60,https://raw.githubusercontent.com/Saem-repo/remodel_app/master/img/pop_up/Explain_61.png,img/rec_fig/61.png,충남대학교 실내체육관,1,1989 ,2020,7,6,3682,4 ,1 ,0,0,0,0,0,0,0,0,0,0,0,0,0,0,0,0,0,0,,0.21 
61,https://raw.githubusercontent.com/Saem-repo/remodel_app/master/img/pop_up/Explain_62.png,img/rec_fig/62.png,충남대학교 중앙도서관,1,1989 ,2020,7,6,21618,4 ,1 ,1,0,0,0,0,0,0,0,0,0,0,0,0,0,0,0,0,0,,0.36 
62,https://raw.githubusercontent.com/Saem-repo/remodel_app/master/img/pop_up/Explain_63.png,img/rec_fig/63.png,수정청소년수련관,1,1989 ,2020,9,2,7746.4,4 ,1 ,1,0,1,0,0,0,0,0,0,1,0,0,0,0,0,0,0,0,,0.34 
63,https://raw.githubusercontent.com/Saem-repo/remodel_app/master/img/pop_up/Explain_64.png,img/rec_fig/64.png,동작구문화복지센터(보건소),1,1989 ,2020,6,1,10022,4 ,1 ,1,0,0,0,0,0,0,0,0,1,0,0,0,0,0,0,0,0,,0.10 
64,https://raw.githubusercontent.com/Saem-repo/remodel_app/master/img/pop_up/Explain_65.png,img/rec_fig/65.png,단양 수련시설,2,1994 ,2015 ,9,4,8220.18,6 ,1 ,1,0,1,1,1,0,1,1,0,1,0,0,0,0,0,0,0,0,3823000000 ,0.31 
65,https://raw.githubusercontent.com/Saem-repo/remodel_app/master/img/pop_up/Explain_66.png,img/rec_fig/66.png,여수 하희현가 그린리모델링,2,1998 ,2017 ,1,9,18184,3 ,0 ,1,0,1,0,0,0,0,0,0,1,0,0,0,0,0,0,0,0,,0.38 
66,https://raw.githubusercontent.com/Saem-repo/remodel_app/master/img/pop_up/Explain_67.png,img/rec_fig/67.png,외유내강,2,1969 ,2017 ,1,14,204.82,2 ,1 ,1,0,0,0,1,0,0,0,0,1,0,0,0,0,0,0,0,0,,0.35 
67,https://raw.githubusercontent.com/Saem-repo/remodel_app/master/img/pop_up/Explain_68.png,img/rec_fig/68.png,부평 단독주택,2,1984 ,2016 ,1,3,146.13,2 ,1 ,1,0,1,0,1,0,0,0,0,1,0,0,0,0,0,0,0,0,89680000 ,0.65 
68,https://raw.githubusercontent.com/Saem-repo/remodel_app/master/img/pop_up/Explain_69.png,img/rec_fig/69.png,경기도 수원시 권선구 단독주택 2층,2,1987 ,2016 ,1,2,209.43,2 ,1 ,0,0,1,0,0,0,0,0,0,1,0,0,0,0,0,0,0,0,7300000 ,0.33 
69,https://raw.githubusercontent.com/Saem-repo/remodel_app/master/img/pop_up/Explain_70.png,img/rec_fig/70.png,EAN 테크놀로지 신사옥,2,1998 ,2017 ,11,1,2000,10 ,1 ,1,0,1,1,0,0,1,1,1,1,0,0,0,0,0,0,0,0,,0.38 
70,https://raw.githubusercontent.com/Saem-repo/remodel_app/master/img/pop_up/Explain_71.png,img/rec_fig/71.png,부평 단독주택,2,1984 ,2016 ,1,3,146,2 ,1 ,1,0,1,0,1,0,0,0,0,1,0,0,0,0,0,0,0,0,,0.66 
71,https://raw.githubusercontent.com/Saem-repo/remodel_app/master/img/pop_up/Explain_72.png,img/rec_fig/72.png,한서빌딩,2,1983 ,2017 ,11,1,2467,5 ,1 ,0,0,0,0,0,0,0,1,0,1,0,0,0,0,0,0,0,0,,0.52 
72,https://raw.githubusercontent.com/Saem-repo/remodel_app/master/img/pop_up/Explain_73.png,img/rec_fig/73.png,피닉스호텔,2,1976 ,2017 ,12,14,6858,15 ,2 ,0,0,0,0,0,0,0,0,0,1,0,0,0,0,0,0,0,0,,0.63 
73,https://raw.githubusercontent.com/Saem-repo/remodel_app/master/img/pop_up/Explain_74.png,img/rec_fig/74.png,한국외국어대학교 글로벌캠퍼스 인문경상관,2,1985 ,2017 ,7,2,6599,4 ,1 ,1,0,1,0,0,0,0,1,0,1,0,0,0,0,0,0,0,0,1100000000 ,0.46 
74,https://raw.githubusercontent.com/Saem-repo/remodel_app/master/img/pop_up/Explain_75.png,img/rec_fig/75.png,경기도 용인시 처인구 단독주택,2,1996 ,2016 ,1,2,199,2 ,1 ,0,0,1,0,0,0,0,0,0,1,0,0,0,0,0,0,0,0,35000000 ,0.38 
75,https://raw.githubusercontent.com/Saem-repo/remodel_app/master/img/pop_up/Explain_76.png,img/rec_fig/76.png,광주 계림동 숙박시설 금수장관광호텔,2,1998 ,2016 ,12,10,3163,6 ,1 ,0,0,0,0,0,0,0,0,0,1,0,0,0,0,0,0,0,0,140000000 ,0.33 
76,https://raw.githubusercontent.com/Saem-repo/remodel_app/master/img/pop_up/Explain_77.png,img/rec_fig/77.png,서초동 업무시설,2,1995 ,2015 ,11,1,14514,6 ,1 ,0,0,1,0,0,0,0,0,0,1,0,0,0,0,0,0,0,0,495000000 ,0.31 
77,https://raw.githubusercontent.com/Saem-repo/remodel_app/master/img/pop_up/Explain_78.png,img/rec_fig/78.png,국도화학 공장,2,1997 ,2016 ,11,1,4826,6 ,1 ,1,0,1,0,0,0,0,0,0,1,0,0,0,0,0,0,0,0,1717100000 ,0.27 
78,https://raw.githubusercontent.com/Saem-repo/remodel_app/master/img/pop_up/Explain_79.png,img/rec_fig/79.png,한국외대 글로벌 캠퍼스 어문학관,2,2002 ,2015 ,7,2,13172,4 ,1 ,1,0,1,0,0,0,0,1,0,1,0,0,0,0,0,0,0,0,3000000000 ,0.33 
79,https://raw.githubusercontent.com/Saem-repo/remodel_app/master/img/pop_up/Explain_80.png,img/rec_fig/80.png,경북 영주 문수면 사무소,2,1985 ,2013 ,11,11,892,6 ,1 ,0,0,0,0,0,0,0,0,0,1,0,0,0,0,0,0,0,0,1333000 ,0.34 
80,https://raw.githubusercontent.com/Saem-repo/remodel_app/master/img/pop_up/Explain_81.png,img/rec_fig/81.png,충북대학교 생활관(진리관),2,1990 ,2013 ,7,4,2655,6 ,1 ,1,0,0,0,0,0,0,1,0,1,0,0,0,0,0,0,0,0,2350000 ,0.36 
81,https://raw.githubusercontent.com/Saem-repo/remodel_app/master/img/pop_up/Explain_82.png,img/rec_fig/82.png,전북 고창 동리국악당(신재효고택동리국악당),2,1990 ,2014 ,3,8,2248,6 ,1 ,0,0,0,0,0,0,0,0,0,1,0,0,0,0,0,0,0,0,2550000 ,0.27 
82,https://raw.githubusercontent.com/Saem-repo/remodel_app/master/img/pop_up/Explain_83.png,img/rec_fig/83.png,충북 청주 시립 미술관,2,1978 ,2015 ,3,4,4546,6 ,1 ,0,0,0,0,0,0,0,0,0,1,0,0,0,0,0,0,0,0,3469000 ,0.41 
83,https://raw.githubusercontent.com/Saem-repo/remodel_app/master/img/pop_up/Explain_84.png,img/rec_fig/84.png,서울세관 2동 청사,2,1982 ,2015 ,11,1,13346,6 ,1 ,0,0,0,0,0,0,0,0,0,1,0,0,0,0,0,0,0,0,2370000 ,0.32 
84,https://raw.githubusercontent.com/Saem-repo/remodel_app/master/img/pop_up/Explain_85.png,img/rec_fig/85.png,경기도청 제2별관,2,1990 ,2014 ,11,2,8120,8 ,2 ,0,0,0,0,0,0,0,0,0,1,0,0,0,0,0,0,0,0,1312181 ,0.35 
85,https://raw.githubusercontent.com/Saem-repo/remodel_app/master/img/pop_up/Explain_86.png,img/rec_fig/86.png,경북 문경시청사,2,1990 ,2015 ,11,11,10067,4 ,1 ,0,0,0,0,0,0,0,0,0,1,0,0,0,0,0,0,0,0,3500000 ,0.22 
86,https://raw.githubusercontent.com/Saem-repo/remodel_app/master/img/pop_up/Explain_87.png,img/rec_fig/87.png,한국수자원공사 물사랑어린이집,2,1988 ,2015 ,8,6,550,2 ,1 ,0,0,0,0,0,0,0,0,0,1,0,0,0,0,0,0,0,0,350000 ,0.22 
87,https://raw.githubusercontent.com/Saem-repo/remodel_app/master/img/pop_up/Explain_88.png,img/rec_fig/88.png,한국건설기술연구원 (구교통연구원),2,1988 ,2015 ,11,2,8145,6 ,1 ,0,0,0,1,0,0,1,0,0,1,0,0,0,0,0,0,0,0,1321000 ,0.45 
88,https://raw.githubusercontent.com/Saem-repo/remodel_app/master/img/pop_up/Explain_89.png,img/rec_fig/89.png,전남 무안군 농업기술센터,2,1988 ,2016 ,11,9,932,2 ,1 ,0,0,0,1,0,0,1,0,0,1,0,0,0,0,0,0,0,0,1067604 ,0.31 
89,https://raw.githubusercontent.com/Saem-repo/remodel_app/master/img/pop_up/Explain_90.png,img/rec_fig/90.png,광주 시립 청소년 삶 디자인센터,2,1967 ,2015 ,6,10,8415,6 ,1 ,0,0,0,1,0,0,1,0,0,1,0,0,0,0,0,0,0,0,11300000 ,0.22 
90,https://raw.githubusercontent.com/Saem-repo/remodel_app/master/img/pop_up/Explain_91.png,img/rec_fig/91.png,제주 서귀포의료원 (산후조리원),2,1982 ,2015 ,6,17,3624,4 ,2 ,0,0,0,1,0,0,1,0,0,1,0,0,0,0,0,0,0,0,2826745 ,0.29 
91,https://raw.githubusercontent.com/Saem-repo/remodel_app/master/img/pop_up/Explain_92.png,img/rec_fig/92.png,한국도로공사 군위지사,2,1995 ,2015 ,11,11,1896,2 ,1 ,0,0,1,0,0,0,0,1,0,1,0,0,0,0,0,0,0,0,2041000 ,0.24 
92,https://raw.githubusercontent.com/Saem-repo/remodel_app/master/img/pop_up/Explain_93.png,img/rec_fig/93.png,한국과학기술원 기계공학동,2,1993 ,2016 ,7,6,30387,7 ,1 ,1,0,1,0,0,0,0,1,0,1,0,0,0,0,0,0,0,0,10130000 ,0.19 
93,https://raw.githubusercontent.com/Saem-repo/remodel_app/master/img/pop_up/Explain_94.png,img/rec_fig/94.png,김포국제공항,2,1980 ,2018 ,11,1,77775,4 ,1 ,1,0,1,0,0,0,0,1,1,1,1,0,1,0,0,0,0,0,67600000 ,0.32 
94,https://raw.githubusercontent.com/Saem-repo/remodel_app/master/img/pop_up/Explain_95.png,img/rec_fig/95.png,경기도 따복기숙사(경기도기숙사),2,1984 ,2017 ,2,2,5510,5 ,1 ,1,0,1,0,0,0,0,1,0,1,0,0,0,0,0,0,0,0,11980368 ,0.19 
95,https://raw.githubusercontent.com/Saem-repo/remodel_app/master/img/pop_up/Explain_96.png,img/rec_fig/96.png,서울 강동구청 별관(성안별관),2,1979 ,2017 ,11,1,4705,5 ,1 ,1,0,1,0,0,0,0,1,1,1,1,0,0,0,0,1,0,0,8912760 ,0.74 
96,https://raw.githubusercontent.com/Saem-repo/remodel_app/master/img/pop_up/Explain_97.png,img/rec_fig/97.png,대구 수성구청 별관,2,2003 ,2018 ,11,13,3100,5 ,1 ,1,0,1,0,0,0,0,1,1,1,0,0,0,0,0,0,0,0,1520000 ,0.26 
97,https://raw.githubusercontent.com/Saem-repo/remodel_app/master/img/pop_up/Explain_98.png,img/rec_fig/98.png,한국도로공사 홍천지사,2,1995 ,2017 ,11,16,1922,6 ,1 ,1,0,1,0,0,0,0,1,1,1,1,0,0,0,0,0,0,0,2019000 ,0.49 
98,https://raw.githubusercontent.com/Saem-repo/remodel_app/master/img/pop_up/Explain_99.png,img/rec_fig/99.png,한국방송통신대학교 열린관,2,1982 ,2018 ,7,1,5808,6 ,1 ,1,0,1,0,0,0,0,1,1,1,1,0,0,0,0,0,0,0,7475000 ,0.53 
99,https://raw.githubusercontent.com/Saem-repo/remodel_app/master/img/pop_up/Explain_100.png,img/rec_fig/100.png,한국교통대학교 건축관,2,1985 ,2018 ,7,4,2666,3 ,0 ,1,0,1,0,0,0,0,1,0,1,0,0,0,0,0,0,0,0,2900000 ,0.51 
100,https://raw.githubusercontent.com/Saem-repo/remodel_app/master/img/pop_up/Explain_101.png,img/rec_fig/101.png,대구시 대명동 상가주택,2,1995 ,2006 ,1,13,6820.330732,2 ,1 ,1,0,1,0,0,0,0,0,0,1,0,0,0,0,0,0,0,0,,0.49 
101,https://raw.githubusercontent.com/Saem-repo/remodel_app/master/img/pop_up/Explain_102.png,img/rec_fig/102.png,경기도 안양시 ARK,2,1973 ,2016 ,1,2,204,3 ,0 ,1,0,0,0,0,0,0,1,0,1,0,0,0,0,0,0,0,0,,0.44 
102,https://raw.githubusercontent.com/Saem-repo/remodel_app/master/img/pop_up/Explain_103.png,img/rec_fig/103.png,DPR Construction Phoenix Regional Office(NZEB),2,1972 ,2011,11,23,1519.43,2 ,0 ,0,0,0,0,1,0,0,0,0,0,0,0,0,0,0,0,0,0,2480000 ,0.99 
103,https://raw.githubusercontent.com/Saem-repo/remodel_app/master/img/pop_up/Explain_104.png,img/rec_fig/104.png,The George D. Aiken Center at the University of Vermont,2,1982 ,2011,7,25,3716.12,2 ,0 ,0,0,0,0,0,0,0,0,1,0,0,0,0,0,0,0,0,0,,0.63 
104,https://raw.githubusercontent.com/Saem-repo/remodel_app/master/img/pop_up/Explain_105.png,img/rec_fig/105.png,5Pev,2,1955 ,2014,2,56,84.08,2 ,0 ,0,0,0,0,1,0,0,0,1,0,0,0,0,0,0,0,0,0,,0.69 
105,https://raw.githubusercontent.com/Saem-repo/remodel_app/master/img/pop_up/Explain_106.png,img/rec_fig/106.png,A2Dominion- Northholt,2,1955 ,,2,32,79.9,2 ,0 ,0,0,0,0,1,0,0,0,1,0,0,0,0,0,0,0,0,0,,0.50 
106,https://raw.githubusercontent.com/Saem-repo/remodel_app/master/img/pop_up/Explain_107.png,img/rec_fig/107.png,Almshouses,2,1955 ,2010,2,34,27.87,2 ,0 ,0,0,0,0,0,0,0,0,1,0,0,0,0,0,0,0,0,1,,0.80 
107,https://raw.githubusercontent.com/Saem-repo/remodel_app/master/img/pop_up/Explain_108.png,img/rec_fig/108.png,Barbrook PassivHaus,2,1955 ,2010,2,33,71.07,2 ,0 ,0,0,0,0,1,0,0,0,1,0,0,0,0,0,0,0,0,0,,0.88 
108,https://raw.githubusercontent.com/Saem-repo/remodel_app/master/img/pop_up/Explain_109.png,img/rec_fig/109.png,BISF Steel Frame House,2,1955 ,2010,2,34,88.26,2 ,0 ,0,0,0,0,1,0,0,0,1,1,0,0,0,0,0,0,0,0,,0.46 
109,https://raw.githubusercontent.com/Saem-repo/remodel_app/master/img/pop_up/Explain_110.png,img/rec_fig/110.png,Bringing Wates homes into the Future,2,1955 ,2010,2,49,75.25,2 ,0 ,0,0,0,0,1,0,0,0,1,1,0,0,0,0,0,0,0,0,,0.65 
110,https://raw.githubusercontent.com/Saem-repo/remodel_app/master/img/pop_up/Explain_111.png,img/rec_fig/111.png,Bristol Retrofit,2,1955 ,2013,2,35,188.13,2 ,0 ,0,0,0,0,1,0,0,0,1,1,0,0,0,0,0,0,0,0,,0.66 
111,https://raw.githubusercontent.com/Saem-repo/remodel_app/master/img/pop_up/Explain_112.png,img/rec_fig/112.png,City West Homes,2,1955 ,2010,2,32,59.46,2 ,0 ,0,0,0,0,0,0,0,0,1,1,0,0,0,0,0,0,0,1,,0.71 
112,https://raw.githubusercontent.com/Saem-repo/remodel_app/master/img/pop_up/Explain_113.png,img/rec_fig/113.png,Compton,2,,2010,,,,,,0,0,0,0,1,0,0,0,1,0,0,0,1,0,0,0,0,0,,0.90 
113,https://raw.githubusercontent.com/Saem-repo/remodel_app/master/img/pop_up/Explain_114.png,img/rec_fig/114.png,Hospital in Egypt,2,1955 ,,2,66,31029.6,2 ,0 ,0,0,0,0,0,0,0,0,1,1,0,0,0,0,0,0,0,0,,0.41 
114,https://raw.githubusercontent.com/Saem-repo/remodel_app/master/img/pop_up/Explain_115.png,img/rec_fig/115.png,435 Indio Way(NZEB),2,1955 ,2014,11,20,2950.6,2 ,0 ,0,0,0,0,1,0,0,0,0,1,0,0,0,0,0,0,0,0,5120000 ,0.99 
115,https://raw.githubusercontent.com/Saem-repo/remodel_app/master/img/pop_up/Explain_116.png,img/rec_fig/116.png,mid-terrace Victorian house,2,1955 ,2010,2,32,60.39,2 ,0 ,0,0,0,0,1,0,0,0,0,1,1,0,0,0,0,0,0,0,,0.79 
116,https://raw.githubusercontent.com/Saem-repo/remodel_app/master/img/pop_up/Explain_117.png,img/rec_fig/117.png,Chale Green,2,1955 ,2010,2,37,88.26,2 ,0 ,0,0,0,0,1,0,0,1,1,1,0,0,0,0,0,0,0,0,,0.86 
117,https://raw.githubusercontent.com/Saem-repo/remodel_app/master/img/pop_up/Explain_118.png,img/rec_fig/118.png,Crawley Homes,2,1955 ,2010,2,38,90.58,2 ,0 ,0,0,0,0,0,0,0,0,1,1,0,0,0,0,0,0,0,1,,0.61 
118,https://raw.githubusercontent.com/Saem-repo/remodel_app/master/img/pop_up/Explain_119.png,img/rec_fig/119.png,Drum Housing Association,2,1955 ,2010,2,40,68.75,2 ,0 ,0,0,0,0,1,0,0,0,0,1,0,0,0,0,0,0,0,0,,0.69 
119,https://raw.githubusercontent.com/Saem-repo/remodel_app/master/img/pop_up/Explain_120.png,img/rec_fig/120.png,Penwith Housing,2,1955 ,2010,2,41,65.03,2 ,0 ,0,0,0,0,0,0,0,0,0,0,0,0,1,0,0,0,0,0,,0.78 
120,https://raw.githubusercontent.com/Saem-repo/remodel_app/master/img/pop_up/Explain_121.png,img/rec_fig/121.png,Sarsen Housing,2,1955 ,2010,2,42,76.18,2 ,0 ,0,0,0,0,0,0,0,1,1,0,0,0,0,0,0,0,0,0,,0.88 
121,https://raw.githubusercontent.com/Saem-repo/remodel_app/master/img/pop_up/Explain_122.png,img/rec_fig/122.png,East Midlands Housing,2,1955 ,2010,2,43,70.61,2 ,0 ,0,0,0,0,1,0,0,0,1,1,0,0,0,0,0,0,0,0,,0.87 
122,https://raw.githubusercontent.com/Saem-repo/remodel_app/master/img/pop_up/Explain_123.png,img/rec_fig/123.png,Grove Housing Association,2,1896 ,2010,2,63,89.19,1 ,0 ,0,0,0,0,1,0,0,0,1,1,0,0,0,0,0,0,0,0,,0.84 
123,https://raw.githubusercontent.com/Saem-repo/remodel_app/master/img/pop_up/Explain_124.png,img/rec_fig/124.png,Eco-retrofit Bolton,2,1955 ,2012,2,35,83.61,1 ,0 ,0,0,0,0,0,0,0,0,1,1,0,0,1,0,0,0,0,0,,0.38 
124,https://raw.githubusercontent.com/Saem-repo/remodel_app/master/img/pop_up/Explain_125.png,img/rec_fig/125.png,BYRON G. ROGERS FEDERAL BUILDING,2,1965 ,2013,10,22,45986.99,17 ,0 ,0,0,0,0,0,0,0,0,1,1,0,0,0,0,0,0,0,0,159000000 ,0.51 
125,https://raw.githubusercontent.com/Saem-repo/remodel_app/master/img/pop_up/Explain_126.png,img/rec_fig/126.png,Eco-retrofit Brierfield,2,1955 ,2010,2,44,169.08,1 ,0 ,0,0,0,0,0,0,0,0,1,1,0,0,0,0,0,0,0,1,,0.54 
126,https://raw.githubusercontent.com/Saem-repo/remodel_app/master/img/pop_up/Explain_127.png,img/rec_fig/127.png,Eco-retrofit Colne,2,1955 ,2010,2,44,88.72,1 ,0 ,0,0,0,0,0,0,0,1,1,1,0,0,0,0,0,0,0,0,,0.18 
127,https://raw.githubusercontent.com/Saem-repo/remodel_app/master/img/pop_up/Explain_128.png,img/rec_fig/128.png,Eco-retrofit Ealing,2,1955 ,2010,2,32,116.13,1 ,0 ,0,0,0,0,0,0,0,1,1,1,0,0,0,0,0,0,0,0,,0.23 
128,https://raw.githubusercontent.com/Saem-repo/remodel_app/master/img/pop_up/Explain_129.png,img/rec_fig/129.png,Eco-retrofit Orpington,2,1955 ,2010,2,52,94.76,1 ,0 ,0,0,0,0,0,0,0,0,0,1,0,0,1,0,0,0,0,0,,0.32 
129,https://raw.githubusercontent.com/Saem-repo/remodel_app/master/img/pop_up/Explain_130.png,img/rec_fig/130.png,Eltham,2,,2010,,,,,,0,0,0,0,0,0,0,0,1,0,0,0,0,0,0,0,0,1,,0.70 
130,https://raw.githubusercontent.com/Saem-repo/remodel_app/master/img/pop_up/Explain_131.png,img/rec_fig/131.png,Enfield Homes retrofit,2,,2010,,,,,,0,0,0,0,0,0,0,0,1,0,0,0,0,0,0,0,0,1,,0.79 
131,https://raw.githubusercontent.com/Saem-repo/remodel_app/master/img/pop_up/Explain_132.png,img/rec_fig/132.png,Flagship Retrofit,2,1955 ,2010,2,62,62.71,1 ,0 ,0,0,0,0,1,0,0,1,1,0,0,0,0,0,0,0,0,0,,0.71 
132,https://raw.githubusercontent.com/Saem-repo/remodel_app/master/img/pop_up/Explain_133.png,img/rec_fig/133.png,Gentoo Retrofit,2,1955 ,2010,2,50,78.04,2 ,0 ,0,0,0,0,1,0,0,0,1,0,0,0,0,0,0,0,0,0,,0.79 
133,https://raw.githubusercontent.com/Saem-repo/remodel_app/master/img/pop_up/Explain_134.png,img/rec_fig/134.png,Gentoo Retrofit Bid 2,2,1955 ,2010,2,50,78.04,2 ,0 ,0,0,0,0,1,0,0,0,1,0,0,0,0,0,0,0,0,0,,0.87 
134,https://raw.githubusercontent.com/Saem-repo/remodel_app/master/img/pop_up/Explain_135.png,img/rec_fig/135.png,Gentoo Retrofit Bid 3,2,1955 ,2010,2,50,64.1,2 ,0 ,0,0,0,0,1,0,0,0,1,0,0,0,0,0,0,0,0,0,,0.80 
135,https://raw.githubusercontent.com/Saem-repo/remodel_app/master/img/pop_up/Explain_136.png,img/rec_fig/136.png,Green Structures(PCM),2,1955 ,2010,2,32,100.34,1 ,0 ,0,0,0,0,1,0,0,0,1,0,0,0,0,0,0,0,0,0,,0.92 
136,https://raw.githubusercontent.com/Saem-repo/remodel_app/master/img/pop_up/Explain_137.png,img/rec_fig/137.png,Grove Cottage,2,1955 ,2009,2,83,134.71,1 ,0 ,0,0,0,0,1,0,0,0,1,1,0,0,0,0,0,0,0,0,,0.57 
137,https://raw.githubusercontent.com/Saem-repo/remodel_app/master/img/pop_up/Explain_138.png,img/rec_fig/138.png,Hanley,2,,2010,,,,,,0,0,0,0,1,0,0,0,1,1,0,0,0,0,0,0,0,0,,0.65 
138,https://raw.githubusercontent.com/Saem-repo/remodel_app/master/img/pop_up/Explain_139.png,img/rec_fig/139.png,Hard to Heat Homes,2,1955 ,2010,2,46,48.31,1 ,0 ,0,0,0,0,0,0,0,1,1,1,0,0,0,0,0,0,0,0,,0.69 
139,https://raw.githubusercontent.com/Saem-repo/remodel_app/master/img/pop_up/Explain_140.png,img/rec_fig/140.png,Harrow Road Retrofit,2,1955 ,2010,2,31,124.95,2 ,0 ,0,0,0,0,1,0,0,0,1,1,0,0,0,0,0,0,0,0,,0.69 
140,https://raw.githubusercontent.com/Saem-repo/remodel_app/master/img/pop_up/Explain_141.png,img/rec_fig/141.png,Hounslow Council,2,1955 ,2010,2,32,84.54,1 ,0 ,0,0,0,0,1,0,0,0,1,0,0,0,0,0,0,0,0,0,,0.89 
141,https://raw.githubusercontent.com/Saem-repo/remodel_app/master/img/pop_up/Explain_142.png,img/rec_fig/142.png,Hounslow Passivhaus Retrofit,2,1955 ,2010,2,32,84.54,1 ,0 ,0,0,0,0,1,0,0,0,1,0,0,0,0,0,0,0,0,0,,0.87 
142,https://raw.githubusercontent.com/Saem-repo/remodel_app/master/img/pop_up/Explain_143.png,img/rec_fig/143.png,Ilford,2,,2010,,,,,,0,0,0,0,1,0,0,0,1,1,0,0,0,0,0,0,0,0,,0.81 
143,https://raw.githubusercontent.com/Saem-repo/remodel_app/master/img/pop_up/Explain_144.png,img/rec_fig/144.png,Property in Whitehaven,2,1955 ,2010,2,48,76.18,1 ,0 ,0,0,0,0,1,0,0,0,0,0,0,0,0,0,0,0,0,0,,0.79 
144,https://raw.githubusercontent.com/Saem-repo/remodel_app/master/img/pop_up/Explain_145.png,img/rec_fig/145.png,Inspiration Birmingham 2020,2,1955 ,2010,2,85,158.86,1 ,0 ,0,0,0,0,1,0,0,0,1,0,0,0,0,0,0,0,0,0,,0.77 
145,https://raw.githubusercontent.com/Saem-repo/remodel_app/master/img/pop_up/Explain_146.png,img/rec_fig/146.png,Prewett Bizley Architects,2,1955 ,2010,2,32,105.91,1 ,0 ,0,0,0,0,1,0,0,0,1,0,0,0,0,0,0,0,0,0,,0.77 
146,https://raw.githubusercontent.com/Saem-repo/remodel_app/master/img/pop_up/Explain_147.png,img/rec_fig/147.png,Isos Housing Group,2,1955 ,2010,2,50,70.61,1 ,0 ,0,0,0,0,1,0,0,1,0,0,0,0,0,0,0,0,0,0,,0.82 
147,https://raw.githubusercontent.com/Saem-repo/remodel_app/master/img/pop_up/Explain_148.png,img/rec_fig/148.png,L&Q Group,2,,2010,,,,,,0,0,0,0,1,0,0,0,1,0,0,0,0,0,0,0,0,0,,0.91 
148,https://raw.githubusercontent.com/Saem-repo/remodel_app/master/img/pop_up/Explain_149.png,img/rec_fig/149.png,LB Greenwich,2,1955 ,2010,2,32,108.7,1 ,0 ,0,0,0,0,0,0,0,1,1,0,0,0,0,0,0,0,0,0,,0.93 
149,https://raw.githubusercontent.com/Saem-repo/remodel_app/master/img/pop_up/Explain_150.png,img/rec_fig/150.png,Lena Gardens,2,1955 ,2010,2,32,195.1,1 ,0 ,0,0,0,0,1,0,0,0,1,0,0,0,0,0,0,0,0,0,,0.82 
150,https://raw.githubusercontent.com/Saem-repo/remodel_app/master/img/pop_up/Explain_151.png,img/rec_fig/151.png,Leicester Housing Association,2,1974 ,2010,2,31,87.33,1 ,0 ,0,0,0,0,1,0,0,0,1,0,0,0,0,0,0,0,0,0,,0.56 
151,https://raw.githubusercontent.com/Saem-repo/remodel_app/master/img/pop_up/Explain_152.png,img/rec_fig/152.png,Hastoe Housing Association,2,1948 ,2010,2,51,51.1,2 ,0 ,0,0,0,0,1,0,0,1,1,0,0,0,0,0,0,0,0,0,,0.93 
152,https://raw.githubusercontent.com/Saem-repo/remodel_app/master/img/pop_up/Explain_153.png,img/rec_fig/153.png,Low Carbon Sheppey,2,1974 ,2010,2,52,74.32,1 ,0 ,0,0,0,0,1,0,0,0,1,0,0,0,0,0,0,0,0,1,,0.55 
153,https://raw.githubusercontent.com/Saem-repo/remodel_app/master/img/pop_up/Explain_154.png,img/rec_fig/154.png,Hay Tor,2,1950 ,2010,2,53,78.5,2 ,0 ,0,0,0,0,1,0,0,0,1,0,0,0,0,0,0,0,0,0,,0.49 
154,https://raw.githubusercontent.com/Saem-repo/remodel_app/master/img/pop_up/Explain_155.png,img/rec_fig/155.png,Metropolitan Housing Trust,2,1955 ,2010,2,32,109.63,1 ,0 ,0,0,0,0,1,0,0,0,1,0,0,0,0,0,0,0,0,0,,0.71 
155,https://raw.githubusercontent.com/Saem-repo/remodel_app/master/img/pop_up/Explain_156.png,img/rec_fig/156.png,Castle Rock Edinvar,2,1955 ,2010,2,32,75.25,2 ,0 ,0,0,0,0,1,0,0,1,1,0,0,0,0,0,0,0,0,0,,0.46 
156,https://raw.githubusercontent.com/Saem-repo/remodel_app/master/img/pop_up/Explain_157.png,img/rec_fig/157.png,One Planet Sutton,2,1955 ,2010,2,54,74.32,1 ,0 ,0,0,0,0,1,0,0,0,0,0,0,0,0,0,0,0,0,0,,0.61 
157,https://raw.githubusercontent.com/Saem-repo/remodel_app/master/img/pop_up/Explain_158.png,img/rec_fig/158.png,Plus Dane Group,2,1955 ,2010,2,55,89.19,1 ,0 ,0,0,0,0,1,0,0,0,1,0,0,0,0,0,0,0,0,0,,0.60 
158,https://raw.githubusercontent.com/Saem-repo/remodel_app/master/img/pop_up/Explain_159.png,img/rec_fig/159.png,Peabody,2,1955 ,2010,2,32,97.55,1 ,0 ,0,0,0,0,1,0,0,0,1,1,0,0,0,0,0,0,0,0,,0.57 
159,https://raw.githubusercontent.com/Saem-repo/remodel_app/master/img/pop_up/Explain_160.png,img/rec_fig/160.png,Peterborough EnviroCluster,2,1970 ,2010,2,34,76.18,1 ,0 ,0,0,0,0,1,0,0,0,1,0,0,0,0,0,0,0,0,0,,0.69 
160,https://raw.githubusercontent.com/Saem-repo/remodel_app/master/img/pop_up/Explain_161.png,img/rec_fig/161.png,Dartford Borough Council,2,1955 ,2010,2,52,60.39,1 ,0 ,0,0,0,0,1,0,0,0,0,1,0,0,0,0,0,0,0,0,,0.38 
161,https://raw.githubusercontent.com/Saem-repo/remodel_app/master/img/pop_up/Explain_162.png,img/rec_fig/162.png,Redlands,2,1955 ,2011,2,33,150.5,1 ,0 ,0,0,0,0,1,0,0,0,1,0,0,0,0,0,0,0,0,0,,0.56 
162,https://raw.githubusercontent.com/Saem-repo/remodel_app/master/img/pop_up/Explain_163.png,img/rec_fig/163.png,Powys County Council,2,1955 ,2010,2,64,81.75,1 ,0 ,0,0,0,0,1,0,0,0,1,0,0,0,0,0,0,0,0,0,,0.79 
163,https://raw.githubusercontent.com/Saem-repo/remodel_app/master/img/pop_up/Explain_164.png,img/rec_fig/164.png,White Design Associates,2,1955 ,2010,2,35,69.68,2 ,0 ,0,0,0,0,1,0,0,0,1,0,0,0,0,0,0,0,0,0,,0.85 
164,https://raw.githubusercontent.com/Saem-repo/remodel_app/master/img/pop_up/Explain_165.png,img/rec_fig/165.png,Appledore,2,,2010,,,,,,0,0,0,0,1,0,0,0,1,0,0,0,0,0,0,0,0,0,,0.87 
165,https://raw.githubusercontent.com/Saem-repo/remodel_app/master/img/pop_up/Explain_166.png,img/rec_fig/166.png,Hockerton Housing Project Trading,2,1955 ,2010,2,84,84.08,1 ,0 ,0,0,0,0,1,0,0,0,1,0,0,0,0,0,0,0,0,0,,0.84 
166,https://raw.githubusercontent.com/Saem-repo/remodel_app/master/img/pop_up/Explain_167.png,img/rec_fig/167.png,Victorian mid-terrace,2,1888 ,2013,2,56,60.39,1 ,0 ,0,0,0,0,1,0,0,0,1,0,0,0,0,0,0,0,0,0,,0.20 
167,https://raw.githubusercontent.com/Saem-repo/remodel_app/master/img/pop_up/Explain_168.png,img/rec_fig/168.png,Cottages,2,,2010,,,,,,0,0,0,0,1,0,0,0,0,0,0,0,1,0,0,0,0,0,,0.92 
168,https://raw.githubusercontent.com/Saem-repo/remodel_app/master/img/pop_up/Explain_169.png,img/rec_fig/169.png,Home in Scotland,2,1970 ,2010,2,86,77.39,1 ,0 ,0,0,0,0,1,0,0,0,0,0,0,0,0,0,0,0,0,0,,0.78 
169,https://raw.githubusercontent.com/Saem-repo/remodel_app/master/img/pop_up/Explain_170.png,img/rec_fig/170.png,A+G Architects,2,1960 ,2010,2,57,91.97,1 ,0 ,0,0,0,0,1,0,0,0,1,0,0,0,0,0,0,0,0,0,,0.79 
170,https://raw.githubusercontent.com/Saem-repo/remodel_app/master/img/pop_up/Explain_171.png,img/rec_fig/171.png,Riverside HA,2,1950 ,2010,2,48,64.1,1 ,0 ,0,0,0,0,1,0,0,1,1,0,0,0,0,0,0,0,0,0,,0.82 
171,https://raw.githubusercontent.com/Saem-repo/remodel_app/master/img/pop_up/Explain_172.png,img/rec_fig/172.png,Brampton retrofit,2,1950 ,2010,2,58,79.9,1 ,0 ,0,0,0,0,1,0,0,0,0,0,0,0,0,0,0,0,0,0,,0.72 
172,https://raw.githubusercontent.com/Saem-repo/remodel_app/master/img/pop_up/Explain_173.png,img/rec_fig/173.png,Encraft Ltd,2,1955 ,2010,2,59,79.9,1 ,0 ,0,0,0,0,1,0,0,0,0,0,0,0,0,0,0,0,0,0,,0.73 
173,https://raw.githubusercontent.com/Saem-repo/remodel_app/master/img/pop_up/Explain_174.png,img/rec_fig/174.png,Victory Housing Trust,2,1955 ,2010,2,60,85.94,1 ,0 ,0,0,0,0,0,0,0,0,0,1,0,0,1,0,0,0,0,0,,0.63 
174,https://raw.githubusercontent.com/Saem-repo/remodel_app/master/img/pop_up/Explain_175.png,img/rec_fig/175.png,RCT Homes,2,1955 ,2010,2,64,74.32,1 ,0 ,0,0,0,0,1,0,0,0,1,0,0,0,0,0,0,0,0,0,,0.72 
175,https://raw.githubusercontent.com/Saem-repo/remodel_app/master/img/pop_up/Explain_176.png,img/rec_fig/176.png,SNW Home retrofit - Crawley,2,1968 ,2010,2,38,83.61,1 ,0 ,0,0,0,0,0,0,0,0,1,0,0,0,0,0,0,0,0,1,,0.70 
176,https://raw.githubusercontent.com/Saem-repo/remodel_app/master/img/pop_up/Explain_177.png,img/rec_fig/177.png,SOLAR HOUSE 80/50,2,1955 ,2010,2,61,99.41,1 ,0 ,0,0,0,0,1,0,0,1,1,0,0,0,0,0,0,0,0,0,,0.44 
177,https://raw.githubusercontent.com/Saem-repo/remodel_app/master/img/pop_up/Explain_178.png,img/rec_fig/178.png,Victorian house,2,1955 ,2010,2,32,87.33,1 ,0 ,0,0,0,0,1,0,0,0,0,0,0,0,0,0,0,0,0,0,,0.50 
178,https://raw.githubusercontent.com/Saem-repo/remodel_app/master/img/pop_up/Explain_179.png,img/rec_fig/179.png,Holistic Optimal Retrofit,2,1989 ,2010,2,64,57.97,1 ,0 ,0,0,0,0,0,0,0,0,0,0,0,0,1,0,0,0,0,0,,0.80 
179,https://raw.githubusercontent.com/Saem-repo/remodel_app/master/img/pop_up/Explain_180.png,img/rec_fig/180.png,South Chingford - Ascham Homes,2,1960 ,2010,2,32,104.98,1 ,0 ,0,0,0,0,1,0,0,0,1,0,0,0,0,0,0,0,0,0,,0.70 
180,https://raw.githubusercontent.com/Saem-repo/remodel_app/master/img/pop_up/Explain_181.png,img/rec_fig/181.png,Yorkshire Housing,2,1955 ,2010,2,58,75.25,2 ,0 ,0,0,0,0,0,0,0,1,1,0,0,0,0,0,0,0,0,0,,0.69 
181,https://raw.githubusercontent.com/Saem-repo/remodel_app/master/img/pop_up/Explain_182.png,img/rec_fig/182.png,Thamesmead Retrofit House,2,1955 ,2012,2,32,175.12,2 ,0 ,0,0,0,0,1,0,0,0,1,0,0,0,0,0,0,0,0,0,,0.80 
182,https://raw.githubusercontent.com/Saem-repo/remodel_app/master/img/pop_up/Explain_183.png,img/rec_fig/183.png,Melin Homes,2,1960 ,2011,2,64,85.47,1 ,0 ,0,0,0,0,1,0,0,0,0,0,0,0,0,0,0,0,0,1,,0.73 
183,https://raw.githubusercontent.com/Saem-repo/remodel_app/master/img/pop_up/Explain_184.png,img/rec_fig/184.png,The Oxford Whole House Carbon Reduction Project,2,1955 ,2010,2,57,77.11,1 ,0 ,0,0,0,0,1,0,0,0,1,0,0,0,0,0,0,0,0,0,,0.68 
184,https://raw.githubusercontent.com/Saem-repo/remodel_app/master/img/pop_up/Explain_185.png,img/rec_fig/185.png,Tower Hamlets,2,1960 ,2010,2,32,104.05,2 ,0 ,0,0,0,0,1,0,0,0,0,0,1,0,0,0,0,0,0,0,,0.65 
185,https://raw.githubusercontent.com/Saem-repo/remodel_app/master/img/pop_up/Explain_186.png,img/rec_fig/186.png,Tunbridge Wells,2,1950 ,2010,2,52,77.11,1 ,0 ,0,0,0,0,1,0,0,0,1,0,0,0,0,0,0,0,0,0,,0.70 
186,https://raw.githubusercontent.com/Saem-repo/remodel_app/master/img/pop_up/Explain_187.png,img/rec_fig/187.png,WHISCERS,2,1955 ,2010,2,32,113.34,1 ,0 ,0,0,0,0,1,0,0,0,0,0,0,0,0,0,0,0,0,0,,0.58 
187,https://raw.githubusercontent.com/Saem-repo/remodel_app/master/img/pop_up/Explain_188.png,img/rec_fig/188.png,Wakefield and District Housing Kettlethorpe retrofit 2,2,1950 ,2010,2,58,82.68,1 ,0 ,0,0,0,0,1,0,0,0,0,0,0,0,0,0,0,0,0,0,,0.63 
188,https://raw.githubusercontent.com/Saem-repo/remodel_app/master/img/pop_up/Explain_189.png,img/rec_fig/189.png,Two Piers Housing Co-Operative,2,1955 ,2010,2,39,177.44,1 ,0 ,0,0,0,0,1,0,0,0,1,0,0,0,0,0,0,0,0,0,,0.81 
189,https://raw.githubusercontent.com/Saem-repo/remodel_app/master/img/pop_up/Explain_190.png,img/rec_fig/190.png,Crawley Homes,2,1950 ,2010,2,38,78.97,1 ,0 ,0,0,0,0,0,0,0,0,1,0,0,0,0,0,0,0,0,1,,0.71 
190,https://raw.githubusercontent.com/Saem-repo/remodel_app/master/img/pop_up/Explain_191.png,img/rec_fig/191.png,Princedale Road,2,1910 ,2010,2,32,0,1 ,0 ,0,0,0,0,1,0,0,0,1,0,0,0,1,0,0,0,0,0,230000 ,0.49 
191,https://raw.githubusercontent.com/Saem-repo/remodel_app/master/img/pop_up/Explain_192.png,img/rec_fig/192.png,Mosaic Midmoor Road,2,1910 ,2010,2,32,0,1 ,0 ,0,0,0,0,0,0,0,0,1,0,0,0,0,0,0,0,0,0,162000 ,0.67 
192,https://raw.githubusercontent.com/Saem-repo/remodel_app/master/img/pop_up/Explain_193.png,img/rec_fig/193.png,Penzance,2,1950 ,2010,2,41,0,1 ,0 ,0,0,0,0,0,0,0,0,1,0,0,0,1,0,0,0,0,0,78000 ,0.79 
193,https://raw.githubusercontent.com/Saem-repo/remodel_app/master/img/pop_up/Explain_194.png,img/rec_fig/194.png,406 Collins Street,2,1960 ,2011,11,65,4004.12,2 ,0 ,0,0,0,0,0,0,0,0,1,1,0,0,0,0,0,0,0,0,1500000 ,0.50 
194,https://raw.githubusercontent.com/Saem-repo/remodel_app/master/img/pop_up/Explain_195.png,img/rec_fig/195.png,182 Capel Street,2,1984 ,2011,11,65,1600.72,3 ,1 ,0,0,0,0,0,0,0,0,1,1,0,0,0,0,0,0,0,0,420000 ,0.50 
195,https://raw.githubusercontent.com/Saem-repo/remodel_app/master/img/pop_up/Explain_196.png,img/rec_fig/196.png,Council House 2 (CH2),2,,,,,,,,0,0,0,0,0,0,0,0,0,0,1,0,0,0,0,0,0,0,,0.10 
196,https://raw.githubusercontent.com/Saem-repo/remodel_app/master/img/pop_up/Explain_197.png,img/rec_fig/197.png,1525 WILSON BOULEVARD,2,1987 ,2010,11,30,29109.95,12 ,0 ,0,0,0,0,0,0,0,0,1,1,0,0,0,0,0,0,0,0,1100000 ,0.25 
197,https://raw.githubusercontent.com/Saem-repo/remodel_app/master/img/pop_up/Explain_198.png,img/rec_fig/198.png,Johann B?mstrasse 34 + 36,2,1960 ,2013,2,67,2844.97,3 ,1 ,0,0,0,0,1,0,0,0,1,0,0,0,0,0,0,0,0,0,5424950 ,0.72 
198,https://raw.githubusercontent.com/Saem-repo/remodel_app/master/img/pop_up/Explain_199.png,img/rec_fig/199.png,Vester Voldgade.DK,2,1938 ,2015,11,68,6734.54,5 ,0 ,0,0,0,0,1,0,0,0,1,1,0,0,0,0,0,0,0,0,3517146 ,0.50 
199,https://raw.githubusercontent.com/Saem-repo/remodel_app/master/img/pop_up/Explain_200.png,img/rec_fig/200.png,PHI_GAG_Hoheloog_Ludwigshafen,2,1965 ,2007,2,75,960.15,3 ,0 ,0,0,0,0,0,0,0,0,0,0,0,0,0,0,0,0,0,0,,0.94 
200,https://raw.githubusercontent.com/Saem-repo/remodel_app/master/img/pop_up/Explain_201.png,img/rec_fig/201.png,Factor10_N?nberg,2,1930 ,2002,2,76,960.15,2 ,0 ,0,0,0,0,1,0,0,0,0,0,1,0,0,0,0,0,0,0,569845 ,0.84 
201,https://raw.githubusercontent.com/Saem-repo/remodel_app/master/img/pop_up/Explain_202.png,img/rec_fig/202.png,Gym Ostfildern,2,1970 ,2008,10,77,2439.91,2 ,0 ,0,0,0,0,0,0,0,0,1,0,0,0,0,0,0,0,0,0,3169984 ,0.55 
202,https://raw.githubusercontent.com/Saem-repo/remodel_app/master/img/pop_up/Explain_203.png,img/rec_fig/203.png,Angela School,2,1965 ,2010,7,78,2670.03,2 ,0 ,0,0,0,0,1,0,0,0,0,1,0,0,0,0,0,0,0,0,2554977 ,0.78 
203,https://raw.githubusercontent.com/Saem-repo/remodel_app/master/img/pop_up/Explain_204.png,img/rec_fig/204.png,Friedrich-Fr?el-School Olbersdorf,2,1928 ,2011,7,79,5610.41,3 ,1 ,0,0,0,0,1,0,0,0,0,0,0,0,0,0,0,0,0,0,6159321 ,0.74 
204,https://raw.githubusercontent.com/Saem-repo/remodel_app/master/img/pop_up/Explain_205.png,img/rec_fig/205.png,High School Passive House,2,1968 ,2013,7,82,1016.36,2 ,0 ,0,0,0,0,1,0,0,0,0,1,0,0,0,0,0,0,0,0,,0.90 
205,https://raw.githubusercontent.com/Saem-repo/remodel_app/master/img/pop_up/Explain_206.png,img/rec_fig/206.png,Riga,2,,2014,,,,,,0,0,0,0,0,0,0,0,1,1,0,0,0,0,0,0,0,0,377652 ,0.54 
206,https://raw.githubusercontent.com/Saem-repo/remodel_app/master/img/pop_up/Explain_207.png,img/rec_fig/207.png,The Mildmay Centre,2,1890 ,2012,11,32,665.19,2 ,0 ,0,0,0,0,0,0,0,0,1,0,0,0,0,0,0,0,0,0,1824984 ,0.85 
207,https://raw.githubusercontent.com/Saem-repo/remodel_app/master/img/pop_up/Explain_208.png,img/rec_fig/208.png,Grand Junction,2,1918 ,2013,11,22,3861.05,2 ,0 ,0,0,0,0,0,0,0,1,1,1,0,0,0,0,0,0,0,0,16693077 ,0.99 
208,https://raw.githubusercontent.com/Saem-repo/remodel_app/master/img/pop_up/Explain_209.png,img/rec_fig/209.png,Silver Spring and Lanham,2,1970 ,2014,11,29,14643.56,2 ,0 ,0,0,0,0,1,0,0,0,0,1,0,0,0,0,0,0,0,0,,0.47 
