explain_path,photo_path,name,design,built_year,re_year,area,ground_floor,underground_floor,build_type,loc,wall,roof,window,windowframe,airtight,windowcontrol,awning,coolheat,ventilation,lighting,sunlight,solarheat,geothermal,windpower,bio,fuelcell,cogeneration,ess,cost,energy
https://raw.githubusercontent.com/Saem-repo/remodel_app/master/img/pop_up/Explain_1.png,img/rec_fig/1.png,충북 보은군 장애인회관,1,2002,2014,1565,4,0,8,4,1,0,0,0,0,0,0,1,1,0,0,0,0,0,0,0,0,0,176526140,0.1
https://raw.githubusercontent.com/Saem-repo/remodel_app/master/img/pop_up/Explain_2.png,img/rec_fig/2.png,경북 성주군청사,1,1995,2005,9179.64,6,1,11,11,1,0,0,1,1,0,1,0,1,0,0,0,0,0,0,0,0,0,2360000000,0.77
https://raw.githubusercontent.com/Saem-repo/remodel_app/master/img/pop_up/Explain_3.png,img/rec_fig/3.png,강원 양구군청사,1,1984,2017,3533,3,0,11,16,1,0,0,0,0,0,0,0,0,0,1,0,0,0,0,0,0,0,253417752,0.18
https://raw.githubusercontent.com/Saem-repo/remodel_app/master/img/pop_up/Explain_4.png,img/rec_fig/4.png,전남 영암군 군서면사무소,1,1991,2013,762.9,2,0,11,9,1,0,1,0,0,0,0,1,0,0,0,0,0,0,0,0,0,0,28800000,0.46
https://raw.githubusercontent.com/Saem-repo/remodel_app/master/img/pop_up/Explain_5.png,img/rec_fig/5.png,전남 영암군 미암면사무소,1,1988,2005,566,2,0,11,9,1,0,1,0,0,0,0,1,0,0,0,0,0,0,0,0,0,0,220000000,0.41
https://raw.githubusercontent.com/Saem-repo/remodel_app/master/img/pop_up/Explain_6.png,img/rec_fig/6.png,한국 폴리텍대학 창원캠퍼스,2,1981,2019,3104,2,1,7,12,1,0,0,1,0,0,1,1,0,0,0,0,0,0,0,0,0,0,990000000,0.74
https://raw.githubusercontent.com/Saem-repo/remodel_app/master/img/pop_up/Explain_7.png,img/rec_fig/7.png,대전광역시청사,2,1999,2013,87742,2,2,11,13,0,0,0,1,0,0,1,1,0,1,0,0,0,0,0,0,0,0,2759000000,0.22
https://raw.githubusercontent.com/Saem-repo/remodel_app/master/img/pop_up/Explain_8.png,img/rec_fig/8.png,세종시청 조치원청사 C동,2,1988,2012,1647,3,1,11,7,1,0,0,0,0,0,0,0,1,1,0,0,0,0,0,0,0,0,302359500,0.21
https://raw.githubusercontent.com/Saem-repo/remodel_app/master/img/pop_up/Explain_9.png,img/rec_fig/9.png,헌법재판소,1,1993,2011,19270,5,1,11,1,1,0,1,0,0,0,0,0,1,0,0,0,0,0,0,0,0,0,11027000000,0.68
https://raw.githubusercontent.com/Saem-repo/remodel_app/master/img/pop_up/Explain_10.png,img/rec_fig/10.png,부산연제경찰서,1,1991,2017,7357,4,1,11,14,1,0,1,0,0,0,0,1,0,1,0,1,0,0,0,0,0,0,1601000000,0.39
https://raw.githubusercontent.com/Saem-repo/remodel_app/master/img/pop_up/Explain_11.png,img/rec_fig/11.png,제주도 서귀포시 평생학습관,1,1998,2017,1016,2,1,11,17,1,0,1,0,0,0,0,1,1,0,1,0,0,0,0,0,0,0,549000000,0.28
https://raw.githubusercontent.com/Saem-repo/remodel_app/master/img/pop_up/Explain_12.png,img/rec_fig/12.png,강릉 장애인직업재활시설 사랑의 일터,1,2003,2017,630,2,1,8,16,1,0,1,1,0,0,1,1,1,0,0,0,0,0,0,0,0,0,487000000,0.38
https://raw.githubusercontent.com/Saem-repo/remodel_app/master/img/pop_up/Explain_13.png,img/rec_fig/13.png,정보통신기술진흥센터 청사,1,1995,2017,19354,6,1,11,6,1,0,0,1,0,0,1,0,0,0,0,0,0,0,0,1,0,0,3288000000,0.6
https://raw.githubusercontent.com/Saem-repo/remodel_app/master/img/pop_up/Explain_14.png,img/rec_fig/14.png,전남 보성군 복내면사무소,1,1989,2017,495,2,1,11,10,1,0,0,0,0,0,0,1,0,0,1,0,0,0,0,0,0,0,586000000,0.62
https://raw.githubusercontent.com/Saem-repo/remodel_app/master/img/pop_up/Explain_15.png,img/rec_fig/15.png,경기도 부천시 춘의동사무소,1,1985,2017,731,3,1,11,2,1,0,1,0,1,0,0,0,0,1,1,0,0,0,0,0,0,0,321000000,0.59
https://raw.githubusercontent.com/Saem-repo/remodel_app/master/img/pop_up/Explain_16.png,img/rec_fig/16.png,한국연구재단 대전청사 본관,1,1990,2017,5443,4,1,11,6,0,0,0,1,0,0,1,1,0,0,0,0,0,0,0,0,0,0,3954000000,0.5
https://raw.githubusercontent.com/Saem-repo/remodel_app/master/img/pop_up/Explain_17.png,img/rec_fig/17.png,한국교통대학교 화학생명관,1,1985,2017,7367,4,1,7,4,1,0,1,0,0,0,0,1,1,1,1,0,0,0,0,0,0,0,2947000000,0.74
https://raw.githubusercontent.com/Saem-repo/remodel_app/master/img/pop_up/Explain_18.png,img/rec_fig/18.png,강릉 입암3아파트 사회복지관,1,1994,2017,1615.01,2,1,11,16,1,0,1,0,0,0,0,1,1,0,0,1,0,0,0,0,0,0,409000000,0.39
https://raw.githubusercontent.com/Saem-repo/remodel_app/master/img/pop_up/Explain_19.png,img/rec_fig/19.png,경기도 시흥시 ABC 행복학습타운,1,1988,2017,17784,3,1,7,2,1,0,1,0,0,0,0,1,1,1,0,0,0,0,0,0,0,0,1303000000,0.56
https://raw.githubusercontent.com/Saem-repo/remodel_app/master/img/pop_up/Explain_20.png,img/rec_fig/20.png,대구 달서구청,1,1992,2017,17898,8,1,11,13,1,0,1,0,0,0,0,1,1,0,1,0,0,0,0,0,0,0,2720000000,0.27
https://raw.githubusercontent.com/Saem-repo/remodel_app/master/img/pop_up/Explain_21.png,img/rec_fig/21.png,충청북도 자치연수원 공무원교육관,1,1996,2017,9591,3,1,11,4,1,0,1,0,0,0,0,0,0,1,1,0,0,0,0,0,0,0,2168000000,0.68
https://raw.githubusercontent.com/Saem-repo/remodel_app/master/img/pop_up/Explain_22.png,img/rec_fig/22.png,충주 성내동우체국,1,1977,2017,2863,3,1,11,4,1,0,1,0,1,0,0,1,1,1,1,0,0,0,0,0,0,0,1927000000,0.71
https://raw.githubusercontent.com/Saem-repo/remodel_app/master/img/pop_up/Explain_23.png,img/rec_fig/23.png,구) 남원역사,1,1986,2017,761,1,0,11,8,1,0,0,0,0,0,0,0,0,0,0,0,0,0,0,0,0,0,440000000,0.58
https://raw.githubusercontent.com/Saem-repo/remodel_app/master/img/pop_up/Explain_24.png,img/rec_fig/24.png,전남 광양시 의회청사,1,1993,2018,6895,5,1,11,9,1,0,1,1,1,0,1,1,1,0,0,0,0,0,0,0,0,0,1396000000,0.69
https://raw.githubusercontent.com/Saem-repo/remodel_app/master/img/pop_up/Explain_25.png,img/rec_fig/25.png,충북 음성군청 본청사,1,1995,2018,8684,6,1,11,4,1,0,1,0,1,0,0,1,0,1,1,0,0,0,0,1,0,0,4319000000,0.6
https://raw.githubusercontent.com/Saem-repo/remodel_app/master/img/pop_up/Explain_26.png,img/rec_fig/26.png,진주 평거2주공아파트,1,1991,2018,22036,6,1,2,12,1,0,1,0,0,0,0,0,1,1,1,0,0,0,0,0,0,0,3172000000,0.48
https://raw.githubusercontent.com/Saem-repo/remodel_app/master/img/pop_up/Explain_27.png,img/rec_fig/27.png,충북 중앙경찰학교 1강의동,1,1987,2018,8732,4,1,7,4,1,0,1,0,1,0,0,1,1,1,1,0,0,0,0,0,0,0,4892000000,0.28
https://raw.githubusercontent.com/Saem-repo/remodel_app/master/img/pop_up/Explain_28.png,img/rec_fig/28.png,과천시민회관,1,1995,2018,41056,4,3,11,2,1,0,0,0,1,0,0,1,1,0,0,0,0,0,0,0,0,0,1167000000,0.51
https://raw.githubusercontent.com/Saem-repo/remodel_app/master/img/pop_up/Explain_29.png,img/rec_fig/29.png,경북 구미시청 본관,1,1979,2018,8360,5,1,11,11,1,0,1,1,1,0,1,1,1,1,1,0,0,0,0,1,0,0,6074000000,0.44
https://raw.githubusercontent.com/Saem-repo/remodel_app/master/img/pop_up/Explain_30.png,img/rec_fig/30.png,부산 금정구청,1,1991,2018,14464,8,2,11,14,1,0,1,0,1,0,0,1,1,1,1,0,0,0,0,0,0,0,6891000000,0.61
https://raw.githubusercontent.com/Saem-repo/remodel_app/master/img/pop_up/Explain_31.png,img/rec_fig/31.png,경남 하동군청사,1,1992,2018,5330,3,1,11,12,1,0,1,0,1,0,0,1,1,1,1,0,0,0,0,0,0,0,144100000,0.5
https://raw.githubusercontent.com/Saem-repo/remodel_app/master/img/pop_up/Explain_32.png,img/rec_fig/32.png,하남시 신장도서관,1,1996,2018,2145,3,1,3,2,1,0,1,0,0,0,0,1,1,0,1,0,0,0,0,0,0,0,2233000000,0.9
https://raw.githubusercontent.com/Saem-repo/remodel_app/master/img/pop_up/Explain_33.png,img/rec_fig/33.png,부산 중구청,1,1988,2018,7860,8,2,11,14,1,0,1,0,1,0,0,1,1,1,1,0,0,0,0,0,0,0,4855000000,0.46
https://raw.githubusercontent.com/Saem-repo/remodel_app/master/img/pop_up/Explain_34.png,img/rec_fig/34.png,대구 시립중앙도서관,1,1985,2018,10181,4,1,7,13,1,0,1,0,0,0,0,1,1,1,1,0,0,0,0,0,0,0,3533000000,0.51
https://raw.githubusercontent.com/Saem-repo/remodel_app/master/img/pop_up/Explain_35.png,img/rec_fig/35.png,충남 청양 우체국,1,1991,2018,1569,2,1,11,5,1,0,1,0,0,0,0,1,1,0,1,0,0,0,0,0,0,0,694000000,0.63
https://raw.githubusercontent.com/Saem-repo/remodel_app/master/img/pop_up/Explain_36.png,img/rec_fig/36.png,국립농산물품질관리원 경남지원,1,1988,2018,1697,5,1,11,12,1,0,1,0,1,0,0,0,1,1,1,0,0,0,0,0,0,0,698000000,0.57
https://raw.githubusercontent.com/Saem-repo/remodel_app/master/img/pop_up/Explain_37.png,img/rec_fig/37.png,한국철도공사 동대구역사,1,1971,2018,31965,5,1,11,13,1,0,1,1,0,0,1,1,1,1,1,0,0,0,0,0,0,0,17458000000,0.81
https://raw.githubusercontent.com/Saem-repo/remodel_app/master/img/pop_up/Explain_38.png,img/rec_fig/38.png,전남 장성군 북일면 행정복지센터,1,1989,2018,722,2,1,11,9,1,0,1,0,1,0,0,1,1,1,1,0,0,0,0,0,0,0,447000000,0.72
https://raw.githubusercontent.com/Saem-repo/remodel_app/master/img/pop_up/Explain_39.png,img/rec_fig/39.png,강원대학교 농업생명과학대학 1호관,1,1978,2018,4222,4,1,7,16,1,0,1,0,0,0,0,1,1,0,1,0,0,0,0,0,0,0,2033000000,0.87
https://raw.githubusercontent.com/Saem-repo/remodel_app/master/img/pop_up/Explain_40.png,img/rec_fig/40.png,서울 서초구 서운중학교,1,1984,2018,8662,4,1,7,1,1,0,1,1,0,0,1,1,1,1,1,0,0,0,0,0,0,0,3057000000,0.52
https://raw.githubusercontent.com/Saem-repo/remodel_app/master/img/pop_up/Explain_41.png,img/rec_fig/41.png,서울대학교 공학관2(31동),1,1979,2018,6987,4,1,7,1,1,0,1,0,0,0,0,1,0,1,1,0,0,0,0,0,0,0,1776000000,0.46
https://raw.githubusercontent.com/Saem-repo/remodel_app/master/img/pop_up/Explain_42.png,img/rec_fig/42.png,한국철도공사서울사옥,1,1979,2018,23272.28,8,2,11,1,1,0,1,0,1,0,0,0,1,1,1,0,0,0,0,0,0,0,4646000000,0.39
https://raw.githubusercontent.com/Saem-repo/remodel_app/master/img/pop_up/Explain_43.png,img/rec_fig/43.png,부산 범일2동 주민센터,1,1989,2016,400.26,2,1,11,14,1,0,0,0,0,0,0,1,1,1,1,0,0,0,0,0,0,0,380000000,0.8
https://raw.githubusercontent.com/Saem-repo/remodel_app/master/img/pop_up/Explain_44.png,img/rec_fig/44.png,대구 침산1동 주민센터,1,1992,2017,551.48,2,1,11,13,1,0,1,1,0,0,1,0,1,1,1,0,0,0,0,0,0,0,345000000,0.65
https://raw.githubusercontent.com/Saem-repo/remodel_app/master/img/pop_up/Explain_45.png,img/rec_fig/45.png,한국 환경산업 기술원 연수동,1,1977,2014,3514,4,1,11,1,1,0,1,0,0,0,0,1,1,1,1,0,0,0,0,0,0,0,4795000,0.67
https://raw.githubusercontent.com/Saem-repo/remodel_app/master/img/pop_up/Explain_46.png,img/rec_fig/46.png,인천 의료원 장례식장,1,1997,2016,3469,4,1,15,3,1,0,1,0,1,0,0,1,1,1,1,1,0,0,0,0,0,0,NaN,0.39
https://raw.githubusercontent.com/Saem-repo/remodel_app/master/img/pop_up/Explain_47.png,img/rec_fig/47.png,춘천 교도소,1,1981,2014,112554,2,1,16,16,1,0,1,1,0,0,1,1,1,1,0,1,0,0,0,0,0,0,770960,0.59
https://raw.githubusercontent.com/Saem-repo/remodel_app/master/img/pop_up/Explain_48.png,img/rec_fig/48.png,목포 대학교 사회 과학관,1,1982,2014,13605,4,1,7,9,1,0,1,0,0,0,0,1,1,1,1,1,1,0,0,0,0,0,2740000,0.41
https://raw.githubusercontent.com/Saem-repo/remodel_app/master/img/pop_up/Explain_49.png,img/rec_fig/49.png,정읍시 연지청사,1,1990,2014,1739,4,1,11,8,1,0,0,0,0,0,0,0,1,1,1,1,0,0,0,0,0,0,1641828,0.29
https://raw.githubusercontent.com/Saem-repo/remodel_app/master/img/pop_up/Explain_50.png,img/rec_fig/50.png,거창 여자고등학교,1,1972,2014,9487,3,1,7,12,1,0,1,0,0,0,0,0,1,1,1,1,0,0,0,0,0,0,NaN,0.36
https://raw.githubusercontent.com/Saem-repo/remodel_app/master/img/pop_up/Explain_51.png,img/rec_fig/51.png,통영시청 제2청사,1,1989,2020,5684.6,5,1,11,12,0,0,0,0,0,0,0,0,0,0,0,0,0,0,0,0,0,0,NaN,0.24
https://raw.githubusercontent.com/Saem-repo/remodel_app/master/img/pop_up/Explain_52.png,img/rec_fig/52.png,영천시청 본관,1,1989,2020,5495.5,3,0,11,11,1,0,0,0,0,0,0,0,1,0,1,0,0,0,0,0,0,0,NaN,0.13
https://raw.githubusercontent.com/Saem-repo/remodel_app/master/img/pop_up/Explain_53.png,img/rec_fig/53.png,경찰청사 남관,1,1989,2020,3571,1,1,11,1,0,0,0,0,0,0,0,0,0,0,0,0,0,0,0,0,0,0,NaN,0.36
https://raw.githubusercontent.com/Saem-repo/remodel_app/master/img/pop_up/Explain_54.png,img/rec_fig/54.png,서울도봉경찰서,1,1989,2020,9099.9,4,1,11,1,0,0,0,0,0,0,0,0,0,1,0,0,0,0,0,0,0,0,NaN,0.24
https://raw.githubusercontent.com/Saem-repo/remodel_app/master/img/pop_up/Explain_55.png,img/rec_fig/55.png,전라북도 농업기술원,1,1989,2020,14413.5,3,0,7,8,1,0,0,0,0,0,0,0,0,0,0,0,0,0,0,0,0,0,NaN,0.28
https://raw.githubusercontent.com/Saem-repo/remodel_app/master/img/pop_up/Explain_56.png,img/rec_fig/56.png,통영시 수산과학관,1,1989,2020,3587,2,1,7,12,1,0,0,0,0,0,0,0,0,0,0,0,0,0,0,0,0,0,NaN,0.24
https://raw.githubusercontent.com/Saem-repo/remodel_app/master/img/pop_up/Explain_57.png,img/rec_fig/57.png,목포자연사박물관 자연사관동,1,1989,2020,6610.9,4,1,7,9,1,0,0,0,0,0,0,0,0,0,0,0,0,0,0,0,0,0,NaN,0.22
https://raw.githubusercontent.com/Saem-repo/remodel_app/master/img/pop_up/Explain_58.png,img/rec_fig/58.png,동학농민혁명기념관(전시관동),1,1989,2020,3945.7,4,1,3,8,0,0,1,0,0,0,0,0,0,0,0,0,0,0,0,0,0,0,NaN,0.23
https://raw.githubusercontent.com/Saem-repo/remodel_app/master/img/pop_up/Explain_59.png,img/rec_fig/59.png,서울대학교 052(예술관(미대)3),1,1989,2020,4383.7,4,1,7,1,0,0,0,0,0,0,0,0,0,1,0,0,0,0,0,0,0,0,NaN,0.48
https://raw.githubusercontent.com/Saem-repo/remodel_app/master/img/pop_up/Explain_60.png,img/rec_fig/60.png,서울대학교 021(약학관1),1,1989,2020,6575.5,4,1,7,1,0,0,0,0,0,0,0,0,0,1,0,0,0,0,0,0,0,0,NaN,0.42
https://raw.githubusercontent.com/Saem-repo/remodel_app/master/img/pop_up/Explain_61.png,img/rec_fig/61.png,충남대학교 실내체육관,1,1989,2020,3682,4,1,7,6,0,0,0,0,0,0,0,0,0,0,0,0,0,0,0,0,0,0,NaN,0.21
https://raw.githubusercontent.com/Saem-repo/remodel_app/master/img/pop_up/Explain_62.png,img/rec_fig/62.png,충남대학교 중앙도서관,1,1989,2020,21618,4,1,7,6,1,0,0,0,0,0,0,0,0,0,0,0,0,0,0,0,0,0,NaN,0.36
https://raw.githubusercontent.com/Saem-repo/remodel_app/master/img/pop_up/Explain_63.png,img/rec_fig/63.png,수정청소년수련관,1,1989,2020,7746.4,4,1,9,2,1,0,1,0,0,0,0,0,0,1,0,0,0,0,0,0,0,0,NaN,0.34
https://raw.githubusercontent.com/Saem-repo/remodel_app/master/img/pop_up/Explain_64.png,img/rec_fig/64.png,동작구문화복지센터(보건소),1,1989,2020,10022,4,1,6,1,1,0,0,0,0,0,0,0,0,1,0,0,0,0,0,0,0,0,NaN,0.1
https://raw.githubusercontent.com/Saem-repo/remodel_app/master/img/pop_up/Explain_65.png,img/rec_fig/65.png,단양 수련시설,2,1994,2015,8220.18,6,1,9,4,1,0,1,1,1,0,1,1,0,1,0,0,0,0,0,0,0,0,3823000000,0.31
https://raw.githubusercontent.com/Saem-repo/remodel_app/master/img/pop_up/Explain_66.png,img/rec_fig/66.png,여수 하희현가 그린리모델링,2,1998,2017,18184,3,0,1,9,1,0,1,0,0,0,0,0,0,1,0,0,0,0,0,0,0,0,NaN,0.38
https://raw.githubusercontent.com/Saem-repo/remodel_app/master/img/pop_up/Explain_67.png,img/rec_fig/67.png,외유내강,2,1969,2017,204.82,2,1,1,14,1,0,0,0,1,0,0,0,0,1,0,0,0,0,0,0,0,0,NaN,0.35
https://raw.githubusercontent.com/Saem-repo/remodel_app/master/img/pop_up/Explain_68.png,img/rec_fig/68.png,부평 단독주택,2,1984,2016,146.13,2,1,1,3,1,0,1,0,1,0,0,0,0,1,0,0,0,0,0,0,0,0,89680000,0.65
https://raw.githubusercontent.com/Saem-repo/remodel_app/master/img/pop_up/Explain_69.png,img/rec_fig/69.png,경기도 수원시 권선구 단독주택 2층,2,1987,2016,209.43,2,1,1,2,0,0,1,0,0,0,0,0,0,1,0,0,0,0,0,0,0,0,7300000,0.33
https://raw.githubusercontent.com/Saem-repo/remodel_app/master/img/pop_up/Explain_70.png,img/rec_fig/70.png,EAN 테크놀로지 신사옥,2,1998,2017,2000,10,1,11,1,1,0,1,1,0,0,1,1,1,1,0,0,0,0,0,0,0,0,NaN,0.38
https://raw.githubusercontent.com/Saem-repo/remodel_app/master/img/pop_up/Explain_71.png,img/rec_fig/71.png,부평 단독주택,2,1984,2016,146,2,1,1,3,1,0,1,0,1,0,0,0,0,1,0,0,0,0,0,0,0,0,NaN,0.66
https://raw.githubusercontent.com/Saem-repo/remodel_app/master/img/pop_up/Explain_72.png,img/rec_fig/72.png,한서빌딩,2,1983,2017,2467,5,1,11,1,0,0,0,0,0,0,0,1,0,1,0,0,0,0,0,0,0,0,NaN,0.52
https://raw.githubusercontent.com/Saem-repo/remodel_app/master/img/pop_up/Explain_73.png,img/rec_fig/73.png,피닉스호텔,2,1976,2017,6858,15,2,12,14,0,0,0,0,0,0,0,0,0,1,0,0,0,0,0,0,0,0,NaN,0.63
https://raw.githubusercontent.com/Saem-repo/remodel_app/master/img/pop_up/Explain_74.png,img/rec_fig/74.png,한국외국어대학교 글로벌캠퍼스 인문경상관,2,1985,2017,6599,4,1,7,2,1,0,1,0,0,0,0,1,0,1,0,0,0,0,0,0,0,0,1100000000,0.46
https://raw.githubusercontent.com/Saem-repo/remodel_app/master/img/pop_up/Explain_75.png,img/rec_fig/75.png,경기도 용인시 처인구 단독주택,2,1996,2016,199,2,1,1,2,0,0,1,0,0,0,0,0,0,1,0,0,0,0,0,0,0,0,35000000,0.38
https://raw.githubusercontent.com/Saem-repo/remodel_app/master/img/pop_up/Explain_76.png,img/rec_fig/76.png,광주 계림동 숙박시설 금수장관광호텔,2,1998,2016,3163,6,1,12,10,0,0,0,0,0,0,0,0,0,1,0,0,0,0,0,0,0,0,140000000,0.33
https://raw.githubusercontent.com/Saem-repo/remodel_app/master/img/pop_up/Explain_77.png,img/rec_fig/77.png,서초동 업무시설,2,1995,2015,14514,6,1,11,1,0,0,1,0,0,0,0,0,0,1,0,0,0,0,0,0,0,0,495000000,0.31
https://raw.githubusercontent.com/Saem-repo/remodel_app/master/img/pop_up/Explain_78.png,img/rec_fig/78.png,국도화학 공장,2,1997,2016,4826,6,1,11,1,1,0,1,0,0,0,0,0,0,1,0,0,0,0,0,0,0,0,1717100000,0.27
https://raw.githubusercontent.com/Saem-repo/remodel_app/master/img/pop_up/Explain_79.png,img/rec_fig/79.png,한국외대 글로벌 캠퍼스 어문학관,2,2002,2015,13172,4,1,7,2,1,0,1,0,0,0,0,1,0,1,0,0,0,0,0,0,0,0,3000000000,0.33
https://raw.githubusercontent.com/Saem-repo/remodel_app/master/img/pop_up/Explain_80.png,img/rec_fig/80.png,경북 영주 문수면 사무소,2,1985,2013,892,6,1,11,11,0,0,0,0,0,0,0,0,0,1,0,0,0,0,0,0,0,0,1333000,0.34
https://raw.githubusercontent.com/Saem-repo/remodel_app/master/img/pop_up/Explain_81.png,img/rec_fig/81.png,충북대학교 생활관(진리관),2,1990,2013,2655,6,1,7,4,1,0,0,0,0,0,0,1,0,1,0,0,0,0,0,0,0,0,2350000,0.36
https://raw.githubusercontent.com/Saem-repo/remodel_app/master/img/pop_up/Explain_82.png,img/rec_fig/82.png,전북 고창 동리국악당(신재효고택동리국악당),2,1990,2014,2248,6,1,3,8,0,0,0,0,0,0,0,0,0,1,0,0,0,0,0,0,0,0,2550000,0.27
https://raw.githubusercontent.com/Saem-repo/remodel_app/master/img/pop_up/Explain_83.png,img/rec_fig/83.png,충북 청주 시립 미술관,2,1978,2015,4546,6,1,3,4,0,0,0,0,0,0,0,0,0,1,0,0,0,0,0,0,0,0,3469000,0.41
https://raw.githubusercontent.com/Saem-repo/remodel_app/master/img/pop_up/Explain_84.png,img/rec_fig/84.png,서울세관 2동 청사,2,1982,2015,13346,6,1,11,1,0,0,0,0,0,0,0,0,0,1,0,0,0,0,0,0,0,0,2370000,0.32
https://raw.githubusercontent.com/Saem-repo/remodel_app/master/img/pop_up/Explain_85.png,img/rec_fig/85.png,경기도청 제2별관,2,1990,2014,8120,8,2,11,2,0,0,0,0,0,0,0,0,0,1,0,0,0,0,0,0,0,0,1312181,0.35
https://raw.githubusercontent.com/Saem-repo/remodel_app/master/img/pop_up/Explain_86.png,img/rec_fig/86.png,경북 문경시청사,2,1990,2015,10067,4,1,11,11,0,0,0,0,0,0,0,0,0,1,0,0,0,0,0,0,0,0,3500000,0.22
https://raw.githubusercontent.com/Saem-repo/remodel_app/master/img/pop_up/Explain_87.png,img/rec_fig/87.png,한국수자원공사 물사랑어린이집,2,1988,2015,550,2,1,8,6,0,0,0,0,0,0,0,0,0,1,0,0,0,0,0,0,0,0,350000,0.22
https://raw.githubusercontent.com/Saem-repo/remodel_app/master/img/pop_up/Explain_88.png,img/rec_fig/88.png,한국건설기술연구원 (구교통연구원),2,1988,2015,8145,6,1,11,2,0,0,0,1,0,0,1,0,0,1,0,0,0,0,0,0,0,0,1321000,0.45
https://raw.githubusercontent.com/Saem-repo/remodel_app/master/img/pop_up/Explain_89.png,img/rec_fig/89.png,전남 무안군 농업기술센터,2,1988,2016,932,2,1,11,9,0,0,0,1,0,0,1,0,0,1,0,0,0,0,0,0,0,0,1067604,0.31
https://raw.githubusercontent.com/Saem-repo/remodel_app/master/img/pop_up/Explain_90.png,img/rec_fig/90.png,광주 시립 청소년 삶 디자인센터,2,1967,2015,8415,6,1,6,10,0,0,0,1,0,0,1,0,0,1,0,0,0,0,0,0,0,0,11300000,0.22
https://raw.githubusercontent.com/Saem-repo/remodel_app/master/img/pop_up/Explain_91.png,img/rec_fig/91.png,제주 서귀포의료원 (산후조리원),2,1982,2015,3624,4,2,6,17,0,0,0,1,0,0,1,0,0,1,0,0,0,0,0,0,0,0,2826745,0.29
https://raw.githubusercontent.com/Saem-repo/remodel_app/master/img/pop_up/Explain_92.png,img/rec_fig/92.png,한국도로공사 군위지사,2,1995,2015,1896,2,1,11,11,0,0,1,0,0,0,0,1,0,1,0,0,0,0,0,0,0,0,2041000,0.24
https://raw.githubusercontent.com/Saem-repo/remodel_app/master/img/pop_up/Explain_93.png,img/rec_fig/93.png,한국과학기술원 기계공학동,2,1993,2016,30387,7,1,7,6,1,0,1,0,0,0,0,1,0,1,0,0,0,0,0,0,0,0,10130000,0.19
https://raw.githubusercontent.com/Saem-repo/remodel_app/master/img/pop_up/Explain_94.png,img/rec_fig/94.png,김포국제공항,2,1980,2018,77775,4,1,11,1,1,0,1,0,0,0,0,1,1,1,1,0,1,0,0,0,0,0,67600000,0.32
https://raw.githubusercontent.com/Saem-repo/remodel_app/master/img/pop_up/Explain_95.png,img/rec_fig/95.png,경기도 따복기숙사(경기도기숙사),2,1984,2017,5510,5,1,2,2,1,0,1,0,0,0,0,1,0,1,0,0,0,0,0,0,0,0,11980368,0.19
https://raw.githubusercontent.com/Saem-repo/remodel_app/master/img/pop_up/Explain_96.png,img/rec_fig/96.png,서울 강동구청 별관(성안별관),2,1979,2017,4705,5,1,11,1,1,0,1,0,0,0,0,1,1,1,1,0,0,0,0,1,0,0,8912760,0.74
https://raw.githubusercontent.com/Saem-repo/remodel_app/master/img/pop_up/Explain_97.png,img/rec_fig/97.png,대구 수성구청 별관,2,2003,2018,3100,5,1,11,13,1,0,1,0,0,0,0,1,1,1,0,0,0,0,0,0,0,0,1520000,0.26
https://raw.githubusercontent.com/Saem-repo/remodel_app/master/img/pop_up/Explain_98.png,img/rec_fig/98.png,한국도로공사 홍천지사,2,1995,2017,1922,6,1,11,16,1,0,1,0,0,0,0,1,1,1,1,0,0,0,0,0,0,0,2019000,0.49
https://raw.githubusercontent.com/Saem-repo/remodel_app/master/img/pop_up/Explain_99.png,img/rec_fig/99.png,한국방송통신대학교 열린관,2,1982,2018,5808,6,1,7,1,1,0,1,0,0,0,0,1,1,1,1,0,0,0,0,0,0,0,7475000,0.53
https://raw.githubusercontent.com/Saem-repo/remodel_app/master/img/pop_up/Explain_100.png,img/rec_fig/100.png,한국교통대학교 건축관,2,1985,2018,2666,3,0,7,4,1,0,1,0,0,0,0,1,0,1,0,0,0,0,0,0,0,0,2900000,0.51
https://raw.githubusercontent.com/Saem-repo/remodel_app/master/img/pop_up/Explain_101.png,img/rec_fig/101.png,대구시 대명동 상가주택,2,1995,2006,6820.33,2,1,1,13,1,0,1,0,0,0,0,0,0,1,0,0,0,0,0,0,0,0,NaN,0.49
https://raw.githubusercontent.com/Saem-repo/remodel_app/master/img/pop_up/Explain_102.png,img/rec_fig/102.png,경기도 안양시 ARK,2,1973,2016,204,3,0,1,2,1,0,0,0,0,0,0,1,0,1,0,0,0,0,0,0,0,0,NaN,0.44
https://raw.githubusercontent.com/Saem-repo/remodel_app/master/img/pop_up/Explain_103.png,img/rec_fig/103.png,DPR Construction Phoenix Regional Office(NZEB),2,1972,2011,1519.43,2,0,11,23,0,0,0,0,1,0,0,0,0,0,0,0,0,0,0,0,0,0,2480000,0.99
https://raw.githubusercontent.com/Saem-repo/remodel_app/master/img/pop_up/Explain_104.png,img/rec_fig/104.png,The George D. Aiken Center at the University of Vermont,2,1982,2011,3716.12,2,0,7,25,0,0,0,0,0,0,0,0,1,0,0,0,0,0,0,0,0,0,NaN,0.63
https://raw.githubusercontent.com/Saem-repo/remodel_app/master/img/pop_up/Explain_105.png,img/rec_fig/105.png,5Pev,2,1955,2014,84.08,2,0,2,56,0,0,0,0,1,0,0,0,1,0,0,0,0,0,0,0,0,0,NaN,0.69
https://raw.githubusercontent.com/Saem-repo/remodel_app/master/img/pop_up/Explain_106.png,img/rec_fig/106.png,A2Dominion- Northholt,2,1955,2014,79.9,2,0,2,32,0,0,0,0,1,0,0,0,1,0,0,0,0,0,0,0,0,0,NaN,0.5
https://raw.githubusercontent.com/Saem-repo/remodel_app/master/img/pop_up/Explain_107.png,img/rec_fig/107.png,Almshouses,2,1955,2010,27.87,2,0,2,34,0,0,0,0,0,0,0,0,1,0,0,0,0,0,0,0,0,1,NaN,0.8
https://raw.githubusercontent.com/Saem-repo/remodel_app/master/img/pop_up/Explain_108.png,img/rec_fig/108.png,Barbrook PassivHaus,2,1955,2010,71.07,2,0,2,33,0,0,0,0,1,0,0,0,1,0,0,0,0,0,0,0,0,0,NaN,0.88
https://raw.githubusercontent.com/Saem-repo/remodel_app/master/img/pop_up/Explain_109.png,img/rec_fig/109.png,BISF Steel Frame House,2,1955,2010,88.26,2,0,2,34,0,0,0,0,1,0,0,0,1,1,0,0,0,0,0,0,0,0,NaN,0.46
https://raw.githubusercontent.com/Saem-repo/remodel_app/master/img/pop_up/Explain_110.png,img/rec_fig/110.png,Bringing Wates homes into the Future,2,1955,2010,75.25,2,0,2,49,0,0,0,0,1,0,0,0,1,1,0,0,0,0,0,0,0,0,NaN,0.65
https://raw.githubusercontent.com/Saem-repo/remodel_app/master/img/pop_up/Explain_111.png,img/rec_fig/111.png,Bristol Retrofit,2,1955,2013,188.13,2,0,2,35,0,0,0,0,1,0,0,0,1,1,0,0,0,0,0,0,0,0,NaN,0.66
https://raw.githubusercontent.com/Saem-repo/remodel_app/master/img/pop_up/Explain_112.png,img/rec_fig/112.png,City West Homes,2,1955,2010,59.46,2,0,2,32,0,0,0,0,0,0,0,0,1,1,0,0,0,0,0,0,0,1,NaN,0.71
https://raw.githubusercontent.com/Saem-repo/remodel_app/master/img/pop_up/Explain_113.png,img/rec_fig/113.png,Compton,2,1955,2010,59.46,2,0,2,32,0,0,0,0,1,0,0,0,1,0,0,0,1,0,0,0,0,0,NaN,0.9
https://raw.githubusercontent.com/Saem-repo/remodel_app/master/img/pop_up/Explain_114.png,img/rec_fig/114.png,Hospital in Egypt,2,1955,2010,31029.6,2,0,2,66,0,0,0,0,0,0,0,0,1,1,0,0,0,0,0,0,0,0,NaN,0.41
https://raw.githubusercontent.com/Saem-repo/remodel_app/master/img/pop_up/Explain_115.png,img/rec_fig/115.png,435 Indio Way(NZEB),2,1955,2014,2950.6,2,0,11,20,0,0,0,0,1,0,0,0,0,1,0,0,0,0,0,0,0,0,5120000,0.99
https://raw.githubusercontent.com/Saem-repo/remodel_app/master/img/pop_up/Explain_116.png,img/rec_fig/116.png,mid-terrace Victorian house,2,1955,2010,60.39,2,0,2,32,0,0,0,0,1,0,0,0,0,1,1,0,0,0,0,0,0,0,NaN,0.79
https://raw.githubusercontent.com/Saem-repo/remodel_app/master/img/pop_up/Explain_117.png,img/rec_fig/117.png,Chale Green,2,1955,2010,88.26,2,0,2,37,0,0,0,0,1,0,0,1,1,1,0,0,0,0,0,0,0,0,NaN,0.86
https://raw.githubusercontent.com/Saem-repo/remodel_app/master/img/pop_up/Explain_118.png,img/rec_fig/118.png,Crawley Homes,2,1955,2010,90.58,2,0,2,38,0,0,0,0,0,0,0,0,1,1,0,0,0,0,0,0,0,1,NaN,0.61
https://raw.githubusercontent.com/Saem-repo/remodel_app/master/img/pop_up/Explain_119.png,img/rec_fig/119.png,Drum Housing Association,2,1955,2010,68.75,2,0,2,40,0,0,0,0,1,0,0,0,0,1,0,0,0,0,0,0,0,0,NaN,0.69
https://raw.githubusercontent.com/Saem-repo/remodel_app/master/img/pop_up/Explain_120.png,img/rec_fig/120.png,Penwith Housing,2,1955,2010,65.03,2,0,2,41,0,0,0,0,0,0,0,0,0,0,0,0,1,0,0,0,0,0,NaN,0.78
https://raw.githubusercontent.com/Saem-repo/remodel_app/master/img/pop_up/Explain_121.png,img/rec_fig/121.png,Sarsen Housing,2,1955,2010,76.18,2,0,2,42,0,0,0,0,0,0,0,1,1,0,0,0,0,0,0,0,0,0,NaN,0.88
https://raw.githubusercontent.com/Saem-repo/remodel_app/master/img/pop_up/Explain_122.png,img/rec_fig/122.png,East Midlands Housing,2,1955,2010,70.61,2,0,2,43,0,0,0,0,1,0,0,0,1,1,0,0,0,0,0,0,0,0,NaN,0.87
https://raw.githubusercontent.com/Saem-repo/remodel_app/master/img/pop_up/Explain_123.png,img/rec_fig/123.png,Grove Housing Association,2,1896,2010,89.19,1,0,2,63,0,0,0,0,1,0,0,0,1,1,0,0,0,0,0,0,0,0,NaN,0.84
https://raw.githubusercontent.com/Saem-repo/remodel_app/master/img/pop_up/Explain_124.png,img/rec_fig/124.png,Eco-retrofit Bolton,2,1955,2012,83.61,1,0,2,35,0,0,0,0,0,0,0,0,1,1,0,0,1,0,0,0,0,0,NaN,0.38
https://raw.githubusercontent.com/Saem-repo/remodel_app/master/img/pop_up/Explain_125.png,img/rec_fig/125.png,BYRON G. ROGERS FEDERAL BUILDING,2,1965,2013,45986.99,17,0,10,22,0,0,0,0,0,0,0,0,1,1,0,0,0,0,0,0,0,0,159000000,0.51
https://raw.githubusercontent.com/Saem-repo/remodel_app/master/img/pop_up/Explain_126.png,img/rec_fig/126.png,Eco-retrofit Brierfield,2,1955,2010,169.08,1,0,2,44,0,0,0,0,0,0,0,0,1,1,0,0,0,0,0,0,0,1,NaN,0.54
https://raw.githubusercontent.com/Saem-repo/remodel_app/master/img/pop_up/Explain_127.png,img/rec_fig/127.png,Eco-retrofit Colne,2,1955,2010,88.72,1,0,2,44,0,0,0,0,0,0,0,1,1,1,0,0,0,0,0,0,0,0,NaN,0.18
https://raw.githubusercontent.com/Saem-repo/remodel_app/master/img/pop_up/Explain_128.png,img/rec_fig/128.png,Eco-retrofit Ealing,2,1955,2010,116.13,1,0,2,32,0,0,0,0,0,0,0,1,1,1,0,0,0,0,0,0,0,0,NaN,0.23
https://raw.githubusercontent.com/Saem-repo/remodel_app/master/img/pop_up/Explain_129.png,img/rec_fig/129.png,Eco-retrofit Orpington,2,1955,2010,94.76,1,0,2,52,0,0,0,0,0,0,0,0,0,1,0,0,1,0,0,0,0,0,NaN,0.32
https://raw.githubusercontent.com/Saem-repo/remodel_app/master/img/pop_up/Explain_130.png,img/rec_fig/130.png,Eltham,2,1955,2010,94.76,1,0,2,52,0,0,0,0,0,0,0,0,1,0,0,0,0,0,0,0,0,1,NaN,0.7
https://raw.githubusercontent.com/Saem-repo/remodel_app/master/img/pop_up/Explain_131.png,img/rec_fig/131.png,Enfield Homes retrofit,2,1955,2010,94.76,1,0,2,52,0,0,0,0,0,0,0,0,1,0,0,0,0,0,0,0,0,1,NaN,0.79
https://raw.githubusercontent.com/Saem-repo/remodel_app/master/img/pop_up/Explain_132.png,img/rec_fig/132.png,Flagship Retrofit,2,1955,2010,62.71,1,0,2,62,0,0,0,0,1,0,0,1,1,0,0,0,0,0,0,0,0,0,NaN,0.71
https://raw.githubusercontent.com/Saem-repo/remodel_app/master/img/pop_up/Explain_133.png,img/rec_fig/133.png,Gentoo Retrofit,2,1955,2010,78.04,2,0,2,50,0,0,0,0,1,0,0,0,1,0,0,0,0,0,0,0,0,0,NaN,0.79
https://raw.githubusercontent.com/Saem-repo/remodel_app/master/img/pop_up/Explain_134.png,img/rec_fig/134.png,Gentoo Retrofit Bid 2,2,1955,2010,78.04,2,0,2,50,0,0,0,0,1,0,0,0,1,0,0,0,0,0,0,0,0,0,NaN,0.87
https://raw.githubusercontent.com/Saem-repo/remodel_app/master/img/pop_up/Explain_135.png,img/rec_fig/135.png,Gentoo Retrofit Bid 3,2,1955,2010,64.1,2,0,2,50,0,0,0,0,1,0,0,0,1,0,0,0,0,0,0,0,0,0,NaN,0.8
https://raw.githubusercontent.com/Saem-repo/remodel_app/master/img/pop_up/Explain_136.png,img/rec_fig/136.png,Green Structures(PCM),2,1955,2010,100.34,1,0,2,32,0,0,0,0,1,0,0,0,1,0,0,0,0,0,0,0,0,0,NaN,0.92
https://raw.githubusercontent.com/Saem-repo/remodel_app/master/img/pop_up/Explain_137.png,img/rec_fig/137.png,Grove Cottage,2,1955,2009,134.71,1,0,2,83,0,0,0,0,1,0,0,0,1,1,0,0,0,0,0,0,0,0,NaN,0.57
https://raw.githubusercontent.com/Saem-repo/remodel_app/master/img/pop_up/Explain_138.png,img/rec_fig/138.png,Hanley,2,1955,2010,134.71,1,0,2,83,0,0,0,0,1,0,0,0,1,1,0,0,0,0,0,0,0,0,NaN,0.65
https://raw.githubusercontent.com/Saem-repo/remodel_app/master/img/pop_up/Explain_139.png,img/rec_fig/139.png,Hard to Heat Homes,2,1955,2010,48.31,1,0,2,46,0,0,0,0,0,0,0,1,1,1,0,0,0,0,0,0,0,0,NaN,0.69
https://raw.githubusercontent.com/Saem-repo/remodel_app/master/img/pop_up/Explain_140.png,img/rec_fig/140.png,Harrow Road Retrofit,2,1955,2010,124.95,2,0,2,31,0,0,0,0,1,0,0,0,1,1,0,0,0,0,0,0,0,0,NaN,0.69
https://raw.githubusercontent.com/Saem-repo/remodel_app/master/img/pop_up/Explain_141.png,img/rec_fig/141.png,Hounslow Council,2,1955,2010,84.54,1,0,2,32,0,0,0,0,1,0,0,0,1,0,0,0,0,0,0,0,0,0,NaN,0.89
https://raw.githubusercontent.com/Saem-repo/remodel_app/master/img/pop_up/Explain_142.png,img/rec_fig/142.png,Hounslow Passivhaus Retrofit,2,1955,2010,84.54,1,0,2,32,0,0,0,0,1,0,0,0,1,0,0,0,0,0,0,0,0,0,NaN,0.87
https://raw.githubusercontent.com/Saem-repo/remodel_app/master/img/pop_up/Explain_143.png,img/rec_fig/143.png,Ilford,2,1955,2010,84.54,1,0,2,32,0,0,0,0,1,0,0,0,1,1,0,0,0,0,0,0,0,0,NaN,0.81
https://raw.githubusercontent.com/Saem-repo/remodel_app/master/img/pop_up/Explain_144.png,img/rec_fig/144.png,Property in Whitehaven,2,1955,2010,76.18,1,0,2,48,0,0,0,0,1,0,0,0,0,0,0,0,0,0,0,0,0,0,NaN,0.79
https://raw.githubusercontent.com/Saem-repo/remodel_app/master/img/pop_up/Explain_145.png,img/rec_fig/145.png,Inspiration Birmingham 2020,2,1955,2010,158.86,1,0,2,85,0,0,0,0,1,0,0,0,1,0,0,0,0,0,0,0,0,0,NaN,0.77
https://raw.githubusercontent.com/Saem-repo/remodel_app/master/img/pop_up/Explain_146.png,img/rec_fig/146.png,Prewett Bizley Architects,2,1955,2010,105.91,1,0,2,32,0,0,0,0,1,0,0,0,1,0,0,0,0,0,0,0,0,0,NaN,0.77
https://raw.githubusercontent.com/Saem-repo/remodel_app/master/img/pop_up/Explain_147.png,img/rec_fig/147.png,Isos Housing Group,2,1955,2010,70.61,1,0,2,50,0,0,0,0,1,0,0,1,0,0,0,0,0,0,0,0,0,0,NaN,0.82
https://raw.githubusercontent.com/Saem-repo/remodel_app/master/img/pop_up/Explain_148.png,img/rec_fig/148.png,L&Q Group,2,1955,2010,70.61,1,0,2,50,0,0,0,0,1,0,0,0,1,0,0,0,0,0,0,0,0,0,NaN,0.91
https://raw.githubusercontent.com/Saem-repo/remodel_app/master/img/pop_up/Explain_149.png,img/rec_fig/149.png,LB Greenwich,2,1955,2010,108.7,1,0,2,32,0,0,0,0,0,0,0,1,1,0,0,0,0,0,0,0,0,0,NaN,0.93
https://raw.githubusercontent.com/Saem-repo/remodel_app/master/img/pop_up/Explain_150.png,img/rec_fig/150.png,Lena Gardens,2,1955,2010,195.1,1,0,2,32,0,0,0,0,1,0,0,0,1,0,0,0,0,0,0,0,0,0,NaN,0.82
https://raw.githubusercontent.com/Saem-repo/remodel_app/master/img/pop_up/Explain_151.png,img/rec_fig/151.png,Leicester Housing Association,2,1974,2010,87.33,1,0,2,31,0,0,0,0,1,0,0,0,1,0,0,0,0,0,0,0,0,0,NaN,0.56
https://raw.githubusercontent.com/Saem-repo/remodel_app/master/img/pop_up/Explain_152.png,img/rec_fig/152.png,Hastoe Housing Association,2,1948,2010,51.1,2,0,2,51,0,0,0,0,1,0,0,1,1,0,0,0,0,0,0,0,0,0,NaN,0.93
https://raw.githubusercontent.com/Saem-repo/remodel_app/master/img/pop_up/Explain_153.png,img/rec_fig/153.png,Low Carbon Sheppey,2,1974,2010,74.32,1,0,2,52,0,0,0,0,1,0,0,0,1,0,0,0,0,0,0,0,0,1,NaN,0.55
https://raw.githubusercontent.com/Saem-repo/remodel_app/master/img/pop_up/Explain_154.png,img/rec_fig/154.png,Hay Tor,2,1950,2010,78.5,2,0,2,53,0,0,0,0,1,0,0,0,1,0,0,0,0,0,0,0,0,0,NaN,0.49
https://raw.githubusercontent.com/Saem-repo/remodel_app/master/img/pop_up/Explain_155.png,img/rec_fig/155.png,Metropolitan Housing Trust,2,1955,2010,109.63,1,0,2,32,0,0,0,0,1,0,0,0,1,0,0,0,0,0,0,0,0,0,NaN,0.71
https://raw.githubusercontent.com/Saem-repo/remodel_app/master/img/pop_up/Explain_156.png,img/rec_fig/156.png,Castle Rock Edinvar,2,1955,2010,75.25,2,0,2,32,0,0,0,0,1,0,0,1,1,0,0,0,0,0,0,0,0,0,NaN,0.46
https://raw.githubusercontent.com/Saem-repo/remodel_app/master/img/pop_up/Explain_157.png,img/rec_fig/157.png,One Planet Sutton,2,1955,2010,74.32,1,0,2,54,0,0,0,0,1,0,0,0,0,0,0,0,0,0,0,0,0,0,NaN,0.61
https://raw.githubusercontent.com/Saem-repo/remodel_app/master/img/pop_up/Explain_158.png,img/rec_fig/158.png,Plus Dane Group,2,1955,2010,89.19,1,0,2,55,0,0,0,0,1,0,0,0,1,0,0,0,0,0,0,0,0,0,NaN,0.6
https://raw.githubusercontent.com/Saem-repo/remodel_app/master/img/pop_up/Explain_159.png,img/rec_fig/159.png,Peabody,2,1955,2010,97.55,1,0,2,32,0,0,0,0,1,0,0,0,1,1,0,0,0,0,0,0,0,0,NaN,0.57
https://raw.githubusercontent.com/Saem-repo/remodel_app/master/img/pop_up/Explain_160.png,img/rec_fig/160.png,Peterborough EnviroCluster,2,1970,2010,76.18,1,0,2,34,0,0,0,0,1,0,0,0,1,0,0,0,0,0,0,0,0,0,NaN,0.69
https://raw.githubusercontent.com/Saem-repo/remodel_app/master/img/pop_up/Explain_161.png,img/rec_fig/161.png,Dartford Borough Council,2,1955,2010,60.39,1,0,2,52,0,0,0,0,1,0,0,0,0,1,0,0,0,0,0,0,0,0,NaN,0.38
https://raw.githubusercontent.com/Saem-repo/remodel_app/master/img/pop_up/Explain_162.png,img/rec_fig/162.png,Redlands,2,1955,2011,150.5,1,0,2,33,0,0,0,0,1,0,0,0,1,0,0,0,0,0,0,0,0,0,NaN,0.56
https://raw.githubusercontent.com/Saem-repo/remodel_app/master/img/pop_up/Explain_163.png,img/rec_fig/163.png,Powys County Council,2,1955,2010,81.75,1,0,2,64,0,0,0,0,1,0,0,0,1,0,0,0,0,0,0,0,0,0,NaN,0.79
https://raw.githubusercontent.com/Saem-repo/remodel_app/master/img/pop_up/Explain_164.png,img/rec_fig/164.png,White Design Associates,2,1955,2010,69.68,2,0,2,35,0,0,0,0,1,0,0,0,1,0,0,0,0,0,0,0,0,0,NaN,0.85
https://raw.githubusercontent.com/Saem-repo/remodel_app/master/img/pop_up/Explain_165.png,img/rec_fig/165.png,Appledore,2,1955,2010,69.68,2,0,2,35,0,0,0,0,1,0,0,0,1,0,0,0,0,0,0,0,0,0,NaN,0.87
https://raw.githubusercontent.com/Saem-repo/remodel_app/master/img/pop_up/Explain_166.png,img/rec_fig/166.png,Hockerton Housing Project Trading,2,1955,2010,84.08,1,0,2,84,0,0,0,0,1,0,0,0,1,0,0,0,0,0,0,0,0,0,NaN,0.84
https://raw.githubusercontent.com/Saem-repo/remodel_app/master/img/pop_up/Explain_167.png,img/rec_fig/167.png,Victorian mid-terrace,2,1888,2013,60.39,1,0,2,56,0,0,0,0,1,0,0,0,1,0,0,0,0,0,0,0,0,0,NaN,0.2
https://raw.githubusercontent.com/Saem-repo/remodel_app/master/img/pop_up/Explain_168.png,img/rec_fig/168.png,Cottages,2,1888,2010,60.39,1,0,2,56,0,0,0,0,1,0,0,0,0,0,0,0,1,0,0,0,0,0,NaN,0.92
https://raw.githubusercontent.com/Saem-repo/remodel_app/master/img/pop_up/Explain_169.png,img/rec_fig/169.png,Home in Scotland,2,1970,2010,77.39,1,0,2,86,0,0,0,0,1,0,0,0,0,0,0,0,0,0,0,0,0,0,NaN,0.78
https://raw.githubusercontent.com/Saem-repo/remodel_app/master/img/pop_up/Explain_170.png,img/rec_fig/170.png,A+G Architects,2,1960,2010,91.97,1,0,2,57,0,0,0,0,1,0,0,0,1,0,0,0,0,0,0,0,0,0,NaN,0.79
https://raw.githubusercontent.com/Saem-repo/remodel_app/master/img/pop_up/Explain_171.png,img/rec_fig/171.png,Riverside HA,2,1950,2010,64.1,1,0,2,48,0,0,0,0,1,0,0,1,1,0,0,0,0,0,0,0,0,0,NaN,0.82
https://raw.githubusercontent.com/Saem-repo/remodel_app/master/img/pop_up/Explain_172.png,img/rec_fig/172.png,Brampton retrofit,2,1950,2010,79.9,1,0,2,58,0,0,0,0,1,0,0,0,0,0,0,0,0,0,0,0,0,0,NaN,0.72
https://raw.githubusercontent.com/Saem-repo/remodel_app/master/img/pop_up/Explain_173.png,img/rec_fig/173.png,Encraft Ltd,2,1955,2010,79.9,1,0,2,59,0,0,0,0,1,0,0,0,0,0,0,0,0,0,0,0,0,0,NaN,0.73
https://raw.githubusercontent.com/Saem-repo/remodel_app/master/img/pop_up/Explain_174.png,img/rec_fig/174.png,Victory Housing Trust,2,1955,2010,85.94,1,0,2,60,0,0,0,0,0,0,0,0,0,1,0,0,1,0,0,0,0,0,NaN,0.63
https://raw.githubusercontent.com/Saem-repo/remodel_app/master/img/pop_up/Explain_175.png,img/rec_fig/175.png,RCT Homes,2,1955,2010,74.32,1,0,2,64,0,0,0,0,1,0,0,0,1,0,0,0,0,0,0,0,0,0,NaN,0.72
https://raw.githubusercontent.com/Saem-repo/remodel_app/master/img/pop_up/Explain_176.png,img/rec_fig/176.png,SNW Home retrofit - Crawley,2,1968,2010,83.61,1,0,2,38,0,0,0,0,0,0,0,0,1,0,0,0,0,0,0,0,0,1,NaN,0.7
https://raw.githubusercontent.com/Saem-repo/remodel_app/master/img/pop_up/Explain_177.png,img/rec_fig/177.png,SOLAR HOUSE 80/50,2,1955,2010,99.41,1,0,2,61,0,0,0,0,1,0,0,1,1,0,0,0,0,0,0,0,0,0,NaN,0.44
https://raw.githubusercontent.com/Saem-repo/remodel_app/master/img/pop_up/Explain_178.png,img/rec_fig/178.png,Victorian house,2,1955,2010,87.33,1,0,2,32,0,0,0,0,1,0,0,0,0,0,0,0,0,0,0,0,0,0,NaN,0.5
https://raw.githubusercontent.com/Saem-repo/remodel_app/master/img/pop_up/Explain_179.png,img/rec_fig/179.png,Holistic Optimal Retrofit,2,1989,2010,57.97,1,0,2,64,0,0,0,0,0,0,0,0,0,0,0,0,1,0,0,0,0,0,NaN,0.8
https://raw.githubusercontent.com/Saem-repo/remodel_app/master/img/pop_up/Explain_180.png,img/rec_fig/180.png,South Chingford - Ascham Homes,2,1960,2010,104.98,1,0,2,32,0,0,0,0,1,0,0,0,1,0,0,0,0,0,0,0,0,0,NaN,0.7
https://raw.githubusercontent.com/Saem-repo/remodel_app/master/img/pop_up/Explain_181.png,img/rec_fig/181.png,Yorkshire Housing,2,1955,2010,75.25,2,0,2,58,0,0,0,0,0,0,0,1,1,0,0,0,0,0,0,0,0,0,NaN,0.69
https://raw.githubusercontent.com/Saem-repo/remodel_app/master/img/pop_up/Explain_182.png,img/rec_fig/182.png,Thamesmead Retrofit House,2,1955,2012,175.12,2,0,2,32,0,0,0,0,1,0,0,0,1,0,0,0,0,0,0,0,0,0,NaN,0.8
https://raw.githubusercontent.com/Saem-repo/remodel_app/master/img/pop_up/Explain_183.png,img/rec_fig/183.png,Melin Homes,2,1960,2011,85.47,1,0,2,64,0,0,0,0,1,0,0,0,0,0,0,0,0,0,0,0,0,1,NaN,0.73
https://raw.githubusercontent.com/Saem-repo/remodel_app/master/img/pop_up/Explain_184.png,img/rec_fig/184.png,The Oxford Whole House Carbon Reduction Project,2,1955,2010,77.11,1,0,2,57,0,0,0,0,1,0,0,0,1,0,0,0,0,0,0,0,0,0,NaN,0.68
https://raw.githubusercontent.com/Saem-repo/remodel_app/master/img/pop_up/Explain_185.png,img/rec_fig/185.png,Tower Hamlets,2,1960,2010,104.05,2,0,2,32,0,0,0,0,1,0,0,0,0,0,1,0,0,0,0,0,0,0,NaN,0.65
https://raw.githubusercontent.com/Saem-repo/remodel_app/master/img/pop_up/Explain_186.png,img/rec_fig/186.png,Tunbridge Wells,2,1950,2010,77.11,1,0,2,52,0,0,0,0,1,0,0,0,1,0,0,0,0,0,0,0,0,0,NaN,0.7
https://raw.githubusercontent.com/Saem-repo/remodel_app/master/img/pop_up/Explain_187.png,img/rec_fig/187.png,WHISCERS,2,1955,2010,113.34,1,0,2,32,0,0,0,0,1,0,0,0,0,0,0,0,0,0,0,0,0,0,NaN,0.58
https://raw.githubusercontent.com/Saem-repo/remodel_app/master/img/pop_up/Explain_188.png,img/rec_fig/188.png,Wakefield and District Housing Kettlethorpe retrofit 2,2,1950,2010,82.68,1,0,2,58,0,0,0,0,1,0,0,0,0,0,0,0,0,0,0,0,0,0,NaN,0.63
https://raw.githubusercontent.com/Saem-repo/remodel_app/master/img/pop_up/Explain_189.png,img/rec_fig/189.png,Two Piers Housing Co-Operative,2,1955,2010,177.44,1,0,2,39,0,0,0,0,1,0,0,0,1,0,0,0,0,0,0,0,0,0,NaN,0.81
https://raw.githubusercontent.com/Saem-repo/remodel_app/master/img/pop_up/Explain_190.png,img/rec_fig/190.png,Crawley Homes,2,1950,2010,78.97,1,0,2,38,0,0,0,0,0,0,0,0,1,0,0,0,0,0,0,0,0,1,NaN,0.71
https://raw.githubusercontent.com/Saem-repo/remodel_app/master/img/pop_up/Explain_191.png,img/rec_fig/191.png,Princedale Road,2,1910,2010,0,1,0,2,32,0,0,0,0,1,0,0,0,1,0,0,0,1,0,0,0,0,0,230000,0.49
https://raw.githubusercontent.com/Saem-repo/remodel_app/master/img/pop_up/Explain_192.png,img/rec_fig/192.png,Mosaic Midmoor Road,2,1910,2010,0,1,0,2,32,0,0,0,0,0,0,0,0,1,0,0,0,0,0,0,0,0,0,162000,0.67
https://raw.githubusercontent.com/Saem-repo/remodel_app/master/img/pop_up/Explain_193.png,img/rec_fig/193.png,Penzance,2,1950,2010,0,1,0,2,41,0,0,0,0,0,0,0,0,1,0,0,0,1,0,0,0,0,0,78000,0.79
https://raw.githubusercontent.com/Saem-repo/remodel_app/master/img/pop_up/Explain_194.png,img/rec_fig/194.png,406 Collins Street,2,1960,2011,4004.12,2,0,11,65,0,0,0,0,0,0,0,0,1,1,0,0,0,0,0,0,0,0,1500000,0.5
https://raw.githubusercontent.com/Saem-repo/remodel_app/master/img/pop_up/Explain_195.png,img/rec_fig/195.png,182 Capel Street,2,1984,2011,1600.72,3,1,11,65,0,0,0,0,0,0,0,0,1,1,0,0,0,0,0,0,0,0,420000,0.5
https://raw.githubusercontent.com/Saem-repo/remodel_app/master/img/pop_up/Explain_196.png,img/rec_fig/196.png,Council House 2 (CH2),2,1984,2011,1600.72,3,1,11,65,0,0,0,0,0,0,0,0,0,0,1,0,0,0,0,0,0,0,NaN,0.1
https://raw.githubusercontent.com/Saem-repo/remodel_app/master/img/pop_up/Explain_197.png,img/rec_fig/197.png,1525 WILSON BOULEVARD,2,1987,2010,29109.95,12,0,11,30,0,0,0,0,0,0,0,0,1,1,0,0,0,0,0,0,0,0,1100000,0.25
https://raw.githubusercontent.com/Saem-repo/remodel_app/master/img/pop_up/Explain_198.png,img/rec_fig/198.png,Johann B?mstrasse 34 + 36,2,1960,2013,2844.97,3,1,2,67,0,0,0,0,1,0,0,0,1,0,0,0,0,0,0,0,0,0,5424950,0.72
https://raw.githubusercontent.com/Saem-repo/remodel_app/master/img/pop_up/Explain_199.png,img/rec_fig/199.png,Vester Voldgade.DK,2,1938,2015,6734.54,5,0,11,68,0,0,0,0,1,0,0,0,1,1,0,0,0,0,0,0,0,0,3517146,0.5
https://raw.githubusercontent.com/Saem-repo/remodel_app/master/img/pop_up/Explain_200.png,img/rec_fig/200.png,PHI_GAG_Hoheloog_Ludwigshafen,2,1965,2007,960.15,3,0,2,75,0,0,0,0,0,0,0,0,0,0,0,0,0,0,0,0,0,0,NaN,0.94
https://raw.githubusercontent.com/Saem-repo/remodel_app/master/img/pop_up/Explain_201.png,img/rec_fig/201.png,Factor10_N?nberg,2,1930,2002,960.15,2,0,2,76,0,0,0,0,1,0,0,0,0,0,1,0,0,0,0,0,0,0,569845,0.84
https://raw.githubusercontent.com/Saem-repo/remodel_app/master/img/pop_up/Explain_202.png,img/rec_fig/202.png,Gym Ostfildern,2,1970,2008,2439.91,2,0,10,77,0,0,0,0,0,0,0,0,1,0,0,0,0,0,0,0,0,0,3169984,0.55
https://raw.githubusercontent.com/Saem-repo/remodel_app/master/img/pop_up/Explain_203.png,img/rec_fig/203.png,Angela School,2,1965,2010,2670.03,2,0,7,78,0,0,0,0,1,0,0,0,0,1,0,0,0,0,0,0,0,0,2554977,0.78
https://raw.githubusercontent.com/Saem-repo/remodel_app/master/img/pop_up/Explain_204.png,img/rec_fig/204.png,Friedrich-Fr?el-School Olbersdorf,2,1928,2011,5610.41,3,1,7,79,0,0,0,0,1,0,0,0,0,0,0,0,0,0,0,0,0,0,6159321,0.74
https://raw.githubusercontent.com/Saem-repo/remodel_app/master/img/pop_up/Explain_205.png,img/rec_fig/205.png,High School Passive House,2,1968,2013,1016.36,2,0,7,82,0,0,0,0,1,0,0,0,0,1,0,0,0,0,0,0,0,0,NaN,0.9
https://raw.githubusercontent.com/Saem-repo/remodel_app/master/img/pop_up/Explain_206.png,img/rec_fig/206.png,Riga,2,1968,2014,1016.36,2,0,7,82,0,0,0,0,0,0,0,0,1,1,0,0,0,0,0,0,0,0,377652,0.54
https://raw.githubusercontent.com/Saem-repo/remodel_app/master/img/pop_up/Explain_207.png,img/rec_fig/207.png,The Mildmay Centre,2,1890,2012,665.19,2,0,11,32,0,0,0,0,0,0,0,0,1,0,0,0,0,0,0,0,0,0,1824984,0.85
https://raw.githubusercontent.com/Saem-repo/remodel_app/master/img/pop_up/Explain_208.png,img/rec_fig/208.png,Grand Junction,2,1918,2013,3861.05,2,0,11,22,0,0,0,0,0,0,0,1,1,1,0,0,0,0,0,0,0,0,16693077,0.99
https://raw.githubusercontent.com/Saem-repo/remodel_app/master/img/pop_up/Explain_209.png,img/rec_fig/209.png,Silver Spring and Lanham,2,1970,2014,14643.56,2,0,11,29,0,0,0,0,1,0,0,0,0,1,0,0,0,0,0,0,0,0,NaN,0.47
