Unnamed: 0,explain_path,photo_path,name,loc,BT,Area,ER,UWaB,UWaA,UFB,UFA,URB,URA,UWiB,UWiA,ATB,ATA,SCB,SCA
0,https://raw.githubusercontent.com/Saem-repo/remodel_app/master/img/pop_up/Explain_1.png,img/rec_fig/1.png,충북 보은군 장애인회관,4.00,8.00,1565.00,0.10,0.59,0.26,2.77,0.58,4.20,0.15,0.59,0.42,37.58,5.00,0.44,0.56
1,https://raw.githubusercontent.com/Saem-repo/remodel_app/master/img/pop_up/Explain_2.png,img/rec_fig/2.png,경북 성주군청사,11.00,11.00,9179.64,0.77,0.58,0.32,3.29,0.31,0.18,0.18,4.00,1.62,37.58,0.19,2.61,0.59
2,https://raw.githubusercontent.com/Saem-repo/remodel_app/master/img/pop_up/Explain_3.png,img/rec_fig/3.png,강원 양구군청사,16.00,11.00,3533.00,0.18,0.90,0.24,2.63,2.63,0.68,0.13,2.80,1.50,10.48,5.00,0.56,0.47
3,https://raw.githubusercontent.com/Saem-repo/remodel_app/master/img/pop_up/Explain_4.png,img/rec_fig/4.png,전남 영암군 군서면사무소,9.00,11.00,762.90,0.46,0.46,0.21,1.31,0.35,1.87,0.17,4.00,1.81,37.58,5.00,2.61,0.59
4,https://raw.githubusercontent.com/Saem-repo/remodel_app/master/img/pop_up/Explain_5.png,img/rec_fig/5.png,전남 영암군 미암면사무소,9.00,11.00,566.00,0.41,0.46,0.21,1.31,0.35,2.03,0.18,4.00,1.81,37.58,5.00,2.61,0.59
5,https://raw.githubusercontent.com/Saem-repo/remodel_app/master/img/pop_up/Explain_6.png,img/rec_fig/6.png,한국 폴리텍대학 창원캠퍼스,12.00,7.00,3104.00,0.74,1.04,0.28,1.31,0.35,2.03,0.18,3.60,1.30,37.58,5.00,2.61,0.59
6,https://raw.githubusercontent.com/Saem-repo/remodel_app/master/img/pop_up/Explain_7.png,img/rec_fig/7.png,대전광역시청사,13.00,11.00,87742.00,0.22,3.70,1.80,0.36,0.25,0.61,0.18,2.90,0.42,37.58,5.00,0.42,0.42
7,https://raw.githubusercontent.com/Saem-repo/remodel_app/master/img/pop_up/Explain_8.png,img/rec_fig/8.png,세종시청 조치원청사 C동,7.00,11.00,1647.00,0.21,0.62,0.31,0.64,0.64,0.71,0.14,5.30,1.80,37.58,5.00,0.82,0.56
8,https://raw.githubusercontent.com/Saem-repo/remodel_app/master/img/pop_up/Explain_9.png,img/rec_fig/9.png,헌법재판소,1.00,11.00,19270.00,0.68,0.64,0.26,1.31,0.29,1.04,0.15,4.00,1.50,13.72,5.00,2.61,0.59
9,https://raw.githubusercontent.com/Saem-repo/remodel_app/master/img/pop_up/Explain_10.png,img/rec_fig/10.png,부산연제경찰서,14.00,11.00,7357.00,0.39,2.68,0.32,1.31,0.35,1.04,0.18,3.60,1.80,25.81,5.00,2.61,0.59
10,https://raw.githubusercontent.com/Saem-repo/remodel_app/master/img/pop_up/Explain_11.png,img/rec_fig/11.png,제주도 서귀포시 평생학습관,17.00,11.00,1016.00,0.28,0.56,0.32,1.31,0.47,1.04,0.25,3.60,2.20,14.23,5.00,2.61,0.59
11,https://raw.githubusercontent.com/Saem-repo/remodel_app/master/img/pop_up/Explain_12.png,img/rec_fig/12.png,강릉 장애인직업재활시설 사랑의 일터,16.00,8.00,630.00,0.38,0.54,0.32,1.31,0.24,1.04,0.15,3.60,1.50,44.04,5.00,2.61,0.59
12,https://raw.githubusercontent.com/Saem-repo/remodel_app/master/img/pop_up/Explain_13.png,img/rec_fig/13.png,정보통신기술진흥센터 청사,6.00,11.00,19354.00,0.60,3.26,0.26,1.31,0.29,1.04,0.15,2.90,1.50,22.40,5.00,22.40,5.00
13,https://raw.githubusercontent.com/Saem-repo/remodel_app/master/img/pop_up/Explain_14.png,img/rec_fig/14.png,전남 보성군 복내면사무소,10.00,11.00,495.00,0.62,0.56,0.23,1.31,0.35,1.04,0.17,1.43,1.80,37.58,5.00,2.61,0.58
14,https://raw.githubusercontent.com/Saem-repo/remodel_app/master/img/pop_up/Explain_15.png,img/rec_fig/15.png,경기도 부천시 춘의동사무소,2.00,11.00,731.00,0.59,1.18,0.26,1.31,0.29,1.04,0.15,3.60,1.50,16.34,5.00,2.61,0.59
15,https://raw.githubusercontent.com/Saem-repo/remodel_app/master/img/pop_up/Explain_16.png,img/rec_fig/16.png,한국연구재단 대전청사 본관,6.00,11.00,5443.00,0.50,1.97,0.12,1.31,0.29,1.97,0.18,1.97,0.97,11.90,11.90,2.61,0.13
16,https://raw.githubusercontent.com/Saem-repo/remodel_app/master/img/pop_up/Explain_17.png,img/rec_fig/17.png,한국교통대학교 화학생명관,4.00,7.00,7367.00,0.74,0.35,0.26,1.31,0.29,1.04,0.15,4.00,1.50,15.80,5.00,2.61,0.59
17,https://raw.githubusercontent.com/Saem-repo/remodel_app/master/img/pop_up/Explain_18.png,img/rec_fig/18.png,강릉 입암3아파트 사회복지관,16.00,11.00,1615.01,0.39,3.42,0.32,1.31,0.24,1.04,0.15,3.60,1.50,14.87,5.00,2.61,0.59
18,https://raw.githubusercontent.com/Saem-repo/remodel_app/master/img/pop_up/Explain_19.png,img/rec_fig/19.png,경기도 시흥시 ABC 행복학습타운,2.00,7.00,17784.00,0.56,0.36,0.24,1.31,0.29,1.04,0.15,3.50,1.50,26.16,5.00,2.61,0.59
19,https://raw.githubusercontent.com/Saem-repo/remodel_app/master/img/pop_up/Explain_20.png,img/rec_fig/20.png,대구 달서구청,13.00,11.00,17898.00,0.27,0.39,0.32,1.31,0.35,1.04,0.18,3.60,1.80,25.36,5.00,2.61,0.59
20,https://raw.githubusercontent.com/Saem-repo/remodel_app/master/img/pop_up/Explain_21.png,img/rec_fig/21.png,충청북도 자치연수원 공무원교육관,4.00,11.00,9591.00,0.68,0.28,0.26,1.31,0.29,1.04,0.15,3.60,1.50,81.32,5.00,2.61,0.59
21,https://raw.githubusercontent.com/Saem-repo/remodel_app/master/img/pop_up/Explain_22.png,img/rec_fig/22.png,충주 성내동우체국,4.00,11.00,2863.00,0.71,7.25,0.26,1.31,0.29,1.04,0.15,6.60,1.50,11.76,5.00,2.61,0.59
22,https://raw.githubusercontent.com/Saem-repo/remodel_app/master/img/pop_up/Explain_23.png,img/rec_fig/23.png,구) 남원역사,8.00,11.00,761.00,0.58,3.12,0.24,1.31,0.35,3.12,0.20,3.60,1.48,37.58,5.00,2.61,0.27
23,https://raw.githubusercontent.com/Saem-repo/remodel_app/master/img/pop_up/Explain_24.png,img/rec_fig/24.png,전남 광양시 의회청사,9.00,11.00,6895.00,0.69,0.72,0.32,1.31,0.35,1.04,0.15,2.10,1.80,88.93,5.00,2.61,0.59
24,https://raw.githubusercontent.com/Saem-repo/remodel_app/master/img/pop_up/Explain_25.png,img/rec_fig/25.png,충북 음성군청 본청사,4.00,11.00,8684.00,0.60,1.60,0.24,1.31,0.29,1.04,0.15,4.00,1.50,40.53,5.00,2.61,0.59
25,https://raw.githubusercontent.com/Saem-repo/remodel_app/master/img/pop_up/Explain_26.png,img/rec_fig/26.png,진주 평거2주공아파트,12.00,2.00,22036.00,0.48,1.18,0.31,0.52,0.31,0.54,0.18,5.30,1.20,8.85,5.00,2.61,0.59
26,https://raw.githubusercontent.com/Saem-repo/remodel_app/master/img/pop_up/Explain_27.png,img/rec_fig/27.png,충북 중앙경찰학교 1강의동,4.00,7.00,8732.00,0.28,3.80,0.17,1.31,0.29,1.04,0.12,3.60,1.03,37.58,5.00,2.61,0.27
27,https://raw.githubusercontent.com/Saem-repo/remodel_app/master/img/pop_up/Explain_28.png,img/rec_fig/28.png,과천시민회관,2.00,11.00,41056.00,0.51,3.80,0.20,1.31,0.29,1.04,0.14,3.60,1.46,37.58,5.00,2.61,0.35
28,https://raw.githubusercontent.com/Saem-repo/remodel_app/master/img/pop_up/Explain_29.png,img/rec_fig/29.png,경북 구미시청 본관,11.00,11.00,8360.00,0.44,0.37,0.24,1.31,0.35,1.04,0.18,3.60,1.50,44.59,5.00,2.61,0.59
29,https://raw.githubusercontent.com/Saem-repo/remodel_app/master/img/pop_up/Explain_30.png,img/rec_fig/30.png,부산 금정구청,14.00,11.00,14464.00,0.61,3.80,0.32,1.31,0.35,1.04,0.18,4.00,1.80,95.85,5.00,2.61,0.59
30,https://raw.githubusercontent.com/Saem-repo/remodel_app/master/img/pop_up/Explain_31.png,img/rec_fig/31.png,경남 하동군청사,12.00,11.00,5330.00,0.50,0.90,0.32,1.31,0.35,1.04,0.18,2.30,1.08,36.58,5.00,2.61,0.59
31,https://raw.githubusercontent.com/Saem-repo/remodel_app/master/img/pop_up/Explain_32.png,img/rec_fig/32.png,하남시 신장도서관,2.00,3.00,2145.00,0.90,3.80,0.17,1.31,0.29,1.04,0.17,3.60,1.27,37.58,5.00,2.61,0.33
32,https://raw.githubusercontent.com/Saem-repo/remodel_app/master/img/pop_up/Explain_33.png,img/rec_fig/33.png,부산 중구청,14.00,11.00,7860.00,0.46,1.70,0.32,1.31,0.35,1.04,0.18,4.00,1.80,35.62,5.00,2.61,0.59
33,https://raw.githubusercontent.com/Saem-repo/remodel_app/master/img/pop_up/Explain_34.png,img/rec_fig/34.png,대구 시립중앙도서관,13.00,7.00,10181.00,0.51,3.80,0.15,1.31,0.35,1.04,0.14,3.60,1.35,37.58,5.00,2.61,0.36
34,https://raw.githubusercontent.com/Saem-repo/remodel_app/master/img/pop_up/Explain_35.png,img/rec_fig/35.png,충남 청양 우체국,5.00,11.00,1569.00,0.62,3.80,0.15,1.31,0.29,1.04,0.17,3.60,1.27,37.58,5.00,2.61,0.33
35,https://raw.githubusercontent.com/Saem-repo/remodel_app/master/img/pop_up/Explain_36.png,img/rec_fig/36.png,국립농산물품질관리원 경남지원,12.00,11.00,1697.00,0.57,1.70,0.32,1.31,0.35,1.04,0.18,3.20,1.80,50.97,5.00,2.61,0.59
36,https://raw.githubusercontent.com/Saem-repo/remodel_app/master/img/pop_up/Explain_37.png,img/rec_fig/37.png,한국철도공사 동대구역사(다시확인),13.00,11.00,31965.00,0.81,0.55,0.32,1.31,0.35,1.04,0.18,5.30,1.80,126.85,5.00,2.61,0.59
37,https://raw.githubusercontent.com/Saem-repo/remodel_app/master/img/pop_up/Explain_38.png,img/rec_fig/38.png,전남 장성군 북일면 행정복지센터,9.00,11.00,722.00,0.72,0.66,0.32,1.31,0.35,1.04,0.18,3.10,1.80,20.62,5.00,2.61,0.59
38,https://raw.githubusercontent.com/Saem-repo/remodel_app/master/img/pop_up/Explain_39.png,img/rec_fig/39.png,강원대학교 농업생명과학대학 1호관,16.00,7.00,4222.00,0.87,3.80,0.15,1.31,0.24,1.04,0.17,3.60,1.27,37.58,5.00,2.61,0.33
39,https://raw.githubusercontent.com/Saem-repo/remodel_app/master/img/pop_up/Explain_40.png,img/rec_fig/40.png,서울 서초구 서운중학교,1.00,7.00,8662.00,0.52,3.80,0.12,1.31,0.29,1.04,0.13,3.60,1.03,37.58,5.00,2.61,0.27
40,https://raw.githubusercontent.com/Saem-repo/remodel_app/master/img/pop_up/Explain_41.png,img/rec_fig/41.png,서울대학교 공학관2(31동),1.00,7.00,6987.00,0.46,3.80,0.18,1.31,0.29,1.04,0.13,3.60,1.03,37.58,5.00,2.61,0.27
41,https://raw.githubusercontent.com/Saem-repo/remodel_app/master/img/pop_up/Explain_42.png,img/rec_fig/42.png,한국철도공사서울사옥(다시확인),1.00,11.00,23272.28,0.39,3.80,0.21,1.31,0.29,1.04,0.13,3.60,1.03,37.58,5.00,2.61,0.27
42,https://raw.githubusercontent.com/Saem-repo/remodel_app/master/img/pop_up/Explain_43.png,img/rec_fig/43.png,부산 범일2동 주민센터,14.00,11.00,400.26,0.80,5.60,0.32,1.31,0.35,1.04,0.18,6.60,1.80,57.03,5.00,2.61,0.59
43,https://raw.githubusercontent.com/Saem-repo/remodel_app/master/img/pop_up/Explain_44.png,img/rec_fig/44.png,대구 침산1동 주민센터,13.00,11.00,551.48,0.65,2.50,0.32,1.31,0.35,1.04,0.18,5.30,1.80,36.58,5.00,2.61,0.59
44,https://raw.githubusercontent.com/Saem-repo/remodel_app/master/img/pop_up/Explain_45.png,img/rec_fig/45.png,한국 환경산업 기술원 연수동,1.00,11.00,3514.00,0.67,3.80,0.19,2.87,0.30,3.15,0.13,4.00,1.47,37.58,5.00,0.69,0.52
45,https://raw.githubusercontent.com/Saem-repo/remodel_app/master/img/pop_up/Explain_46.png,img/rec_fig/46.png,인천 의료원 장례식장,3.00,15.00,3469.00,0.39,0.58,0.24,0.58,0.35,0.41,0.16,3.60,2.00,37.58,2.00,0.69,0.52
46,https://raw.githubusercontent.com/Saem-repo/remodel_app/master/img/pop_up/Explain_47.png,img/rec_fig/47.png,춘천 교도소,16.00,16.00,112554.00,0.59,3.80,0.00,1.31,0.24,1.04,0.15,3.60,1.50,37.58,5.00,2.61,0.52
47,https://raw.githubusercontent.com/Saem-repo/remodel_app/master/img/pop_up/Explain_48.png,img/rec_fig/48.png,목포 대학교 사회 과학관,9.00,7.00,13605.00,0.41,2.46,0.34,0.58,0.14,0.58,0.14,3.60,1.80,37.58,5.00,0.76,0.40
48,https://raw.githubusercontent.com/Saem-repo/remodel_app/master/img/pop_up/Explain_49.png,img/rec_fig/49.png,정읍시 연지청사,8.00,11.00,1739.00,0.29,0.52,0.18,1.96,1.96,0.56,0.18,3.60,1.40,37.58,5.00,0.76,0.57
49,https://raw.githubusercontent.com/Saem-repo/remodel_app/master/img/pop_up/Explain_50.png,img/rec_fig/50.png,거창 여자고등학교,12.00,7.00,9487.00,0.36,0.71,0.29,3.21,0.37,0.70,0.19,3.10,1.16,37.58,5.00,0.73,0.53
50,https://raw.githubusercontent.com/Saem-repo/remodel_app/master/img/pop_up/Explain_51.png,img/rec_fig/51.png,통영시청 제2청사,12.00,11.00,5684.60,0.24,0.33,0.02,0.97,0.35,0.50,0.18,3.16,1.77,37.58,5.00,2.61,0.59
51,https://raw.githubusercontent.com/Saem-repo/remodel_app/master/img/pop_up/Explain_52.png,img/rec_fig/52.png,영천시청 본관,11.00,11.00,5495.50,0.13,0.27,0.24,1.16,0.35,0.58,0.15,1.80,1.80,37.58,5.00,2.61,0.59
52,https://raw.githubusercontent.com/Saem-repo/remodel_app/master/img/pop_up/Explain_53.png,img/rec_fig/53.png,경찰청사 남관,1.00,11.00,3571.00,0.36,1.35,1.07,1.16,0.29,0.58,0.15,1.35,0.63,37.58,5.00,2.61,0.59
53,https://raw.githubusercontent.com/Saem-repo/remodel_app/master/img/pop_up/Explain_54.png,img/rec_fig/54.png,서울도봉경찰서,1.00,11.00,9099.90,0.24,0.58,0.24,0.58,0.29,0.41,0.15,4.00,1.30,37.58,5.00,2.61,0.59
54,https://raw.githubusercontent.com/Saem-repo/remodel_app/master/img/pop_up/Explain_55.png,img/rec_fig/55.png,전라북도 농업기술원,8.00,7.00,14413.50,0.28,0.76,0.13,0.76,0.29,0.52,0.12,3.20,1.28,37.58,5.00,2.61,0.59
55,https://raw.githubusercontent.com/Saem-repo/remodel_app/master/img/pop_up/Explain_56.png,img/rec_fig/56.png,통영시 수산과학관,12.00,7.00,3587.00,0.24,0.60,0.02,0.60,0.35,0.15,0.18,3.70,1.80,37.58,5.00,2.61,0.59
56,https://raw.githubusercontent.com/Saem-repo/remodel_app/master/img/pop_up/Explain_57.png,img/rec_fig/57.png,목포자연사박물관 자연사관동,9.00,7.00,6610.90,0.22,0.55,0.32,0.53,0.35,0.47,0.18,4.00,1.80,37.58,5.00,2.61,0.59
57,https://raw.githubusercontent.com/Saem-repo/remodel_app/master/img/pop_up/Explain_58.png,img/rec_fig/58.png,동학농민혁명기념관(전시관동),8.00,3.00,3945.70,0.23,0.60,0.24,0.60,0.29,0.42,0.15,3.10,0.85,37.58,5.00,2.61,0.59
58,https://raw.githubusercontent.com/Saem-repo/remodel_app/master/img/pop_up/Explain_59.png,img/rec_fig/59.png,서울대학교 052(예술관(미대)3),1.00,7.00,4383.70,0.48,2.10,0.24,1.75,0.29,1.05,0.15,4.00,1.50,37.58,5.00,2.61,0.59
59,https://raw.githubusercontent.com/Saem-repo/remodel_app/master/img/pop_up/Explain_60.png,img/rec_fig/60.png,서울대학교 021(약학관1),1.00,7.00,6575.50,0.42,2.10,0.24,1.75,0.29,1.05,0.15,4.00,1.50,37.58,5.00,2.61,0.59
60,https://raw.githubusercontent.com/Saem-repo/remodel_app/master/img/pop_up/Explain_61.png,img/rec_fig/61.png,충남대학교 실내체육관,6.00,7.00,3682.00,0.21,0.58,0.24,1.16,0.29,0.58,0.15,3.49,1.50,37.58,5.00,2.61,0.59
61,https://raw.githubusercontent.com/Saem-repo/remodel_app/master/img/pop_up/Explain_62.png,img/rec_fig/62.png,충남대학교 중앙도서관,6.00,7.00,21618.00,0.36,1.54,0.16,1.41,0.29,0.64,0.15,4.00,1.50,37.58,5.00,2.61,0.59
62,https://raw.githubusercontent.com/Saem-repo/remodel_app/master/img/pop_up/Explain_63.png,img/rec_fig/63.png,수정청소년수련관,2.00,9.00,7746.40,0.34,0.58,0.24,0.58,0.29,0.41,0.15,4.00,1.50,37.58,5.00,2.61,0.59
63,https://raw.githubusercontent.com/Saem-repo/remodel_app/master/img/pop_up/Explain_64.png,img/rec_fig/64.png,동작구문화복지센터(보건소),1.00,6.00,10022.00,0.10,0.58,0.24,0.58,0.29,0.41,0.15,2.90,1.37,37.58,5.00,2.61,0.59
64,https://raw.githubusercontent.com/Saem-repo/remodel_app/master/img/pop_up/Explain_65.png,img/rec_fig/65.png,단양 수련시설,4.00,9.00,8220.18,0.31,0.95,0.24,0.33,0.29,0.56,0.15,3.59,1.50,37.58,5.00,0.62,0.35
65,https://raw.githubusercontent.com/Saem-repo/remodel_app/master/img/pop_up/Explain_66.png,img/rec_fig/66.png,여수 하희현가 그린리모델링,9.00,1.00,18184.00,0.38,0.95,0.10,0.33,0.29,0.56,0.15,3.59,0.89,37.58,5.00,0.62,0.35
66,https://raw.githubusercontent.com/Saem-repo/remodel_app/master/img/pop_up/Explain_67.png,img/rec_fig/67.png,외유내강,14.00,1.00,204.82,0.35,0.95,0.22,0.33,0.22,0.56,0.18,3.59,1.20,37.58,5.00,0.62,0.35
67,https://raw.githubusercontent.com/Saem-repo/remodel_app/master/img/pop_up/Explain_68.png,img/rec_fig/68.png,부평 단독주택,3.00,1.00,146.13,0.65,0.95,0.24,0.33,0.29,0.56,0.15,3.59,1.50,37.58,5.00,0.62,0.35
68,https://raw.githubusercontent.com/Saem-repo/remodel_app/master/img/pop_up/Explain_69.png,img/rec_fig/69.png,경기도 수원시 권선구 단독주택 2층,2.00,1.00,209.43,0.33,0.95,0.24,0.33,0.29,0.56,0.15,3.59,1.50,37.58,5.00,0.62,0.35
69,https://raw.githubusercontent.com/Saem-repo/remodel_app/master/img/pop_up/Explain_70.png,img/rec_fig/70.png,EAN 테크놀로지 신사옥,1.00,11.00,2000.00,0.38,0.58,0.22,0.33,0.29,0.56,0.15,3.37,1.50,37.58,5.00,0.62,0.42
70,https://raw.githubusercontent.com/Saem-repo/remodel_app/master/img/pop_up/Explain_71.png,img/rec_fig/71.png,부평 단독주택,3.00,1.00,146.00,0.66,0.95,0.24,0.33,0.29,0.56,0.15,3.59,1.50,37.58,5.00,0.62,0.35
71,https://raw.githubusercontent.com/Saem-repo/remodel_app/master/img/pop_up/Explain_72.png,img/rec_fig/72.png,한서빌딩,1.00,11.00,2467.00,0.52,0.95,0.24,0.33,0.29,0.56,0.15,3.59,1.50,37.58,5.00,0.62,0.35
72,https://raw.githubusercontent.com/Saem-repo/remodel_app/master/img/pop_up/Explain_73.png,img/rec_fig/73.png,피닉스호텔,14.00,12.00,6858.00,0.63,0.95,0.32,0.33,0.35,0.56,0.18,3.59,1.80,37.58,5.00,0.62,0.35
73,https://raw.githubusercontent.com/Saem-repo/remodel_app/master/img/pop_up/Explain_74.png,img/rec_fig/74.png,한국외국어대학교 글로벌캠퍼스 인문경상관,2.00,7.00,6599.00,0.46,0.95,0.24,0.33,0.29,0.56,0.15,3.59,1.50,37.58,5.00,0.62,0.35
74,https://raw.githubusercontent.com/Saem-repo/remodel_app/master/img/pop_up/Explain_75.png,img/rec_fig/75.png,경기도 용인시 처인구 단독주택,2.00,1.00,199.00,0.38,0.95,0.24,0.33,0.29,0.56,0.15,3.59,1.50,37.58,5.00,0.62,0.35
75,https://raw.githubusercontent.com/Saem-repo/remodel_app/master/img/pop_up/Explain_76.png,img/rec_fig/76.png,광주 계림동 숙박시설 금수장관광호텔,10.00,12.00,3163.00,0.33,0.95,0.32,0.33,0.35,0.56,0.18,3.59,1.80,37.58,5.00,0.62,0.35
76,https://raw.githubusercontent.com/Saem-repo/remodel_app/master/img/pop_up/Explain_77.png,img/rec_fig/77.png,서초동 업무시설,1.00,11.00,14514.00,0.31,0.95,0.24,0.33,0.29,0.56,0.15,3.59,1.50,37.58,5.00,0.62,0.35
77,https://raw.githubusercontent.com/Saem-repo/remodel_app/master/img/pop_up/Explain_78.png,img/rec_fig/78.png,국도화학 공장,1.00,11.00,4826.00,0.27,0.52,0.30,0.33,0.29,0.56,0.15,4.00,2.10,37.58,5.00,0.62,0.35
78,https://raw.githubusercontent.com/Saem-repo/remodel_app/master/img/pop_up/Explain_79.png,img/rec_fig/79.png,한국외대 글로벌 캠퍼스 어문학관,2.00,7.00,13172.00,0.33,0.95,0.24,0.33,0.29,0.56,0.15,3.59,1.50,37.58,5.00,0.62,0.35
79,https://raw.githubusercontent.com/Saem-repo/remodel_app/master/img/pop_up/Explain_80.png,img/rec_fig/80.png,경북 영주 문수면 사무소,11.00,11.00,892.00,0.34,0.95,0.32,0.33,0.35,0.56,0.18,3.59,1.80,37.58,5.00,0.62,0.35
80,https://raw.githubusercontent.com/Saem-repo/remodel_app/master/img/pop_up/Explain_81.png,img/rec_fig/81.png,충북대학교 생활관(진리관),4.00,7.00,2655.00,0.36,0.95,0.24,0.33,0.29,0.56,0.15,3.59,1.50,37.58,5.00,0.62,0.35
81,https://raw.githubusercontent.com/Saem-repo/remodel_app/master/img/pop_up/Explain_82.png,img/rec_fig/82.png,전북 고창 동리국악당(신재효고택동리국악당),8.00,3.00,2248.00,0.27,0.95,0.24,0.33,0.29,0.56,0.15,3.59,1.50,37.58,5.00,0.62,0.35
82,https://raw.githubusercontent.com/Saem-repo/remodel_app/master/img/pop_up/Explain_83.png,img/rec_fig/83.png,충북 청주 시립 미술관,4.00,3.00,4546.00,0.41,0.95,0.24,0.33,0.29,0.56,0.15,3.59,1.50,37.58,5.00,0.62,0.35
83,https://raw.githubusercontent.com/Saem-repo/remodel_app/master/img/pop_up/Explain_84.png,img/rec_fig/84.png,서울세관 2동 청사,1.00,11.00,13346.00,0.32,0.95,0.24,0.33,0.29,0.56,0.15,3.59,1.50,37.58,5.00,0.62,0.35
84,https://raw.githubusercontent.com/Saem-repo/remodel_app/master/img/pop_up/Explain_85.png,img/rec_fig/85.png,경기도청 제2별관,2.00,11.00,8120.00,0.35,0.95,0.24,0.33,0.29,0.56,0.15,3.59,1.50,37.58,5.00,0.62,0.35
85,https://raw.githubusercontent.com/Saem-repo/remodel_app/master/img/pop_up/Explain_86.png,img/rec_fig/86.png,경북 문경시청사,11.00,11.00,10067.00,0.22,0.95,0.24,0.33,0.29,0.56,0.15,3.59,1.50,37.58,5.00,0.62,0.35
86,https://raw.githubusercontent.com/Saem-repo/remodel_app/master/img/pop_up/Explain_87.png,img/rec_fig/87.png,한국수자원공사 물사랑어린이집,6.00,8.00,550.00,0.22,0.95,0.24,0.33,0.29,0.56,0.15,3.59,1.50,37.58,5.00,0.62,0.35
87,https://raw.githubusercontent.com/Saem-repo/remodel_app/master/img/pop_up/Explain_88.png,img/rec_fig/88.png,한국건설기술연구원 (구교통연구원),2.00,11.00,8145.00,0.45,0.95,0.24,0.33,0.29,0.56,0.15,3.59,1.50,37.58,5.00,0.62,0.35
88,https://raw.githubusercontent.com/Saem-repo/remodel_app/master/img/pop_up/Explain_89.png,img/rec_fig/89.png,전남 무안군 농업기술센터,9.00,11.00,932.00,0.31,0.95,0.32,0.33,0.35,0.56,0.18,3.59,1.80,37.58,5.00,0.62,0.35
89,https://raw.githubusercontent.com/Saem-repo/remodel_app/master/img/pop_up/Explain_90.png,img/rec_fig/90.png,광주 시립 청소년 삶 디자인센터,10.00,6.00,8415.00,0.22,0.95,0.32,0.33,0.35,0.56,0.18,3.59,1.80,37.58,5.00,0.62,0.35
90,https://raw.githubusercontent.com/Saem-repo/remodel_app/master/img/pop_up/Explain_91.png,img/rec_fig/91.png,제주 서귀포의료원 (산후조리원),17.00,6.00,3624.00,0.29,0.95,0.41,0.33,0.47,0.56,0.25,3.59,2.20,37.58,5.00,0.62,0.35
91,https://raw.githubusercontent.com/Saem-repo/remodel_app/master/img/pop_up/Explain_92.png,img/rec_fig/92.png,한국도로공사 군위지사,11.00,11.00,1896.00,0.24,0.95,0.24,0.33,0.29,0.56,0.15,3.59,1.50,37.58,5.00,0.62,0.35
92,https://raw.githubusercontent.com/Saem-repo/remodel_app/master/img/pop_up/Explain_93.png,img/rec_fig/93.png,한국과학기술원 기계공학동,6.00,7.00,30387.00,0.19,0.95,0.29,0.33,0.29,0.56,0.15,3.59,1.40,37.58,5.00,0.62,0.41
93,https://raw.githubusercontent.com/Saem-repo/remodel_app/master/img/pop_up/Explain_94.png,img/rec_fig/94.png,김포국제공항,1.00,11.00,77775.00,0.32,0.95,0.20,0.33,0.29,0.56,0.15,3.59,1.50,37.58,5.00,0.62,0.35
94,https://raw.githubusercontent.com/Saem-repo/remodel_app/master/img/pop_up/Explain_95.png,img/rec_fig/95.png,경기도 따복기숙사(경기도기숙사),2.00,2.00,5510.00,0.19,0.95,0.27,0.33,0.29,0.56,0.15,3.59,2.10,37.58,5.00,0.62,0.35
95,https://raw.githubusercontent.com/Saem-repo/remodel_app/master/img/pop_up/Explain_96.png,img/rec_fig/96.png,서울 강동구청 별관(성안별관),1.00,11.00,4705.00,0.74,0.13,0.11,0.33,0.29,0.56,0.15,1.28,0.89,37.58,5.00,0.62,0.35
96,https://raw.githubusercontent.com/Saem-repo/remodel_app/master/img/pop_up/Explain_97.png,img/rec_fig/97.png,대구 수성구청 별관,13.00,11.00,3100.00,0.26,0.54,0.22,0.33,0.15,0.56,0.15,4.00,1.40,37.58,5.00,0.62,0.22
97,https://raw.githubusercontent.com/Saem-repo/remodel_app/master/img/pop_up/Explain_98.png,img/rec_fig/98.png,한국도로공사 홍천지사,16.00,11.00,1922.00,0.49,0.95,0.26,0.33,0.24,0.56,0.15,3.59,1.28,37.58,5.00,0.62,0.35
98,https://raw.githubusercontent.com/Saem-repo/remodel_app/master/img/pop_up/Explain_99.png,img/rec_fig/99.png,한국방송통신대학교 열린관,1.00,7.00,5808.00,0.53,0.95,0.21,0.33,0.29,0.56,0.15,3.59,1.29,37.58,5.00,0.62,0.35
99,https://raw.githubusercontent.com/Saem-repo/remodel_app/master/img/pop_up/Explain_100.png,img/rec_fig/100.png,한국교통대학교 건축관,4.00,7.00,2666.00,0.51,0.95,0.21,0.33,0.29,0.56,0.15,3.59,1.70,37.58,5.00,0.62,0.35
100,https://raw.githubusercontent.com/Saem-repo/remodel_app/master/img/pop_up/Explain_101.png,img/rec_fig/101.png,대구시 대명동 상가주택,13.00,1.00,6820.33,0.49,2.65,0.29,0.33,0.35,0.56,0.18,5.30,3.10,37.58,5.00,0.62,0.35
101,https://raw.githubusercontent.com/Saem-repo/remodel_app/master/img/pop_up/Explain_102.png,img/rec_fig/102.png,경기도 안양시 ARK,2.00,1.00,204.00,0.44,0.95,0.22,0.33,0.29,0.56,0.15,3.59,0.93,37.58,0.63,0.62,0.35
102,https://raw.githubusercontent.com/Saem-repo/remodel_app/master/img/pop_up/Explain_103.png,img/rec_fig/103.png,DPR Construction Phoenix Regional Office(NZEB),23.00,11.00,1519.43,0.99,0.95,0.45,1.31,0.45,1.04,0.25,3.60,3.30,37.58,5.00,2.61,0.59
103,https://raw.githubusercontent.com/Saem-repo/remodel_app/master/img/pop_up/Explain_104.png,img/rec_fig/104.png,The George D. Aiken Center at the University of Vermont,25.00,7.00,3716.12,0.63,0.95,0.45,1.31,0.45,1.04,0.25,3.60,3.30,37.58,5.00,2.61,0.59
104,https://raw.githubusercontent.com/Saem-repo/remodel_app/master/img/pop_up/Explain_105.png,img/rec_fig/105.png,5Pev,56.00,2.00,84.08,0.69,0.95,0.44,1.31,0.45,1.04,0.25,3.60,3.30,37.58,5.00,2.61,0.59
105,https://raw.githubusercontent.com/Saem-repo/remodel_app/master/img/pop_up/Explain_106.png,img/rec_fig/106.png,A2Dominion- Northholt,32.00,2.00,79.90,0.50,0.95,0.16,1.31,0.45,1.04,0.05,3.60,0.90,37.58,5.00,2.61,0.59
106,https://raw.githubusercontent.com/Saem-repo/remodel_app/master/img/pop_up/Explain_107.png,img/rec_fig/107.png,Almshouses,34.00,2.00,27.87,0.80,0.95,0.70,1.31,0.54,1.04,0.25,3.60,3.30,37.58,5.00,2.61,0.59
107,https://raw.githubusercontent.com/Saem-repo/remodel_app/master/img/pop_up/Explain_108.png,img/rec_fig/108.png,Barbrook PassivHaus,33.00,2.00,71.07,0.88,0.95,0.13,1.31,0.20,1.04,0.10,3.60,3.30,37.58,5.00,2.61,0.59
108,https://raw.githubusercontent.com/Saem-repo/remodel_app/master/img/pop_up/Explain_109.png,img/rec_fig/109.png,BISF Steel Frame House,34.00,2.00,88.26,0.46,0.95,0.11,1.31,0.43,1.04,0.17,3.60,1.50,37.58,5.00,2.61,0.59
109,https://raw.githubusercontent.com/Saem-repo/remodel_app/master/img/pop_up/Explain_110.png,img/rec_fig/110.png,Bringing Wates homes into the Future,49.00,2.00,75.25,0.65,0.95,0.35,1.31,0.45,1.04,0.25,3.60,3.30,37.58,5.00,2.61,0.59
110,https://raw.githubusercontent.com/Saem-repo/remodel_app/master/img/pop_up/Explain_111.png,img/rec_fig/111.png,Bristol Retrofit,35.00,2.00,188.13,0.66,0.95,0.35,1.31,0.45,1.04,0.25,3.60,3.30,37.58,5.00,2.61,0.59
111,https://raw.githubusercontent.com/Saem-repo/remodel_app/master/img/pop_up/Explain_112.png,img/rec_fig/112.png,City West Homes,32.00,2.00,59.46,0.71,0.95,0.35,1.31,0.48,1.04,0.25,3.60,3.30,37.58,5.00,2.61,0.59
112,https://raw.githubusercontent.com/Saem-repo/remodel_app/master/img/pop_up/Explain_113.png,img/rec_fig/113.png,Compton,32.00,2.00,59.46,0.71,0.95,0.35,1.31,0.48,1.04,0.25,3.60,3.30,37.58,5.00,2.61,0.59
113,https://raw.githubusercontent.com/Saem-repo/remodel_app/master/img/pop_up/Explain_114.png,img/rec_fig/114.png,Hospital in Egypt,66.00,2.00,31029.60,0.41,0.95,0.40,1.31,0.45,1.04,0.25,3.60,3.14,37.58,5.00,2.61,0.59
114,https://raw.githubusercontent.com/Saem-repo/remodel_app/master/img/pop_up/Explain_115.png,img/rec_fig/115.png,435 Indio Way(NZEB),20.00,11.00,2950.60,0.99,0.95,0.05,1.31,0.45,1.04,0.03,3.60,0.40,37.58,5.00,2.61,0.59
115,https://raw.githubusercontent.com/Saem-repo/remodel_app/master/img/pop_up/Explain_116.png,img/rec_fig/116.png,mid-terrace Victorian house,32.00,2.00,60.39,0.79,0.95,0.35,1.31,0.45,1.04,0.25,3.60,2.70,37.58,5.00,2.61,0.59
116,https://raw.githubusercontent.com/Saem-repo/remodel_app/master/img/pop_up/Explain_117.png,img/rec_fig/117.png,Chale Green,37.00,2.00,88.26,0.86,0.95,0.15,1.31,0.45,1.04,0.25,3.60,0.70,37.58,5.00,2.61,0.59
117,https://raw.githubusercontent.com/Saem-repo/remodel_app/master/img/pop_up/Explain_118.png,img/rec_fig/118.png,Crawley Homes,38.00,2.00,90.58,0.61,0.95,0.15,1.31,0.38,1.04,0.25,3.60,0.70,37.58,5.00,2.61,0.59
118,https://raw.githubusercontent.com/Saem-repo/remodel_app/master/img/pop_up/Explain_119.png,img/rec_fig/119.png,Drum Housing Association,40.00,2.00,68.75,0.69,0.95,0.35,1.31,0.22,1.04,0.16,3.60,3.30,37.58,5.00,2.61,0.59
119,https://raw.githubusercontent.com/Saem-repo/remodel_app/master/img/pop_up/Explain_120.png,img/rec_fig/120.png,Penwith Housing,41.00,2.00,65.03,0.78,0.95,0.20,1.31,0.02,1.04,0.25,3.60,0.70,37.58,5.00,2.61,0.59
120,https://raw.githubusercontent.com/Saem-repo/remodel_app/master/img/pop_up/Explain_121.png,img/rec_fig/121.png,Sarsen Housing,42.00,2.00,76.18,0.88,0.95,0.25,1.31,0.45,1.04,0.15,3.60,3.30,37.58,5.00,2.61,0.59
121,https://raw.githubusercontent.com/Saem-repo/remodel_app/master/img/pop_up/Explain_122.png,img/rec_fig/122.png,East Midlands Housing,43.00,2.00,70.61,0.87,0.95,0.12,1.31,0.12,1.04,0.10,3.60,3.30,37.58,5.00,2.61,0.59
122,https://raw.githubusercontent.com/Saem-repo/remodel_app/master/img/pop_up/Explain_123.png,img/rec_fig/123.png,Grove Housing Association,63.00,2.00,89.19,0.84,0.95,0.15,1.31,0.10,1.04,0.10,3.60,0.80,37.58,5.00,2.61,0.59
123,https://raw.githubusercontent.com/Saem-repo/remodel_app/master/img/pop_up/Explain_124.png,img/rec_fig/124.png,Eco-retrofit Bolton,35.00,2.00,83.61,0.38,0.95,0.15,1.31,0.20,1.04,0.15,3.60,0.70,37.58,5.00,2.61,0.59
124,https://raw.githubusercontent.com/Saem-repo/remodel_app/master/img/pop_up/Explain_125.png,img/rec_fig/125.png,BYRON G. ROGERS FEDERAL BUILDING,22.00,10.00,45986.99,0.51,0.95,0.45,1.31,0.45,1.04,0.25,3.60,3.30,37.58,5.00,2.61,0.59
125,https://raw.githubusercontent.com/Saem-repo/remodel_app/master/img/pop_up/Explain_126.png,img/rec_fig/126.png,Eco-retrofit Brierfield,44.00,2.00,169.08,0.54,0.95,0.20,1.31,0.17,1.04,0.16,3.60,0.90,37.58,5.00,2.61,0.59
126,https://raw.githubusercontent.com/Saem-repo/remodel_app/master/img/pop_up/Explain_127.png,img/rec_fig/127.png,Eco-retrofit Colne,44.00,2.00,88.72,0.18,0.95,0.15,1.31,0.20,1.04,0.15,3.60,0.70,37.58,5.00,2.61,0.59
127,https://raw.githubusercontent.com/Saem-repo/remodel_app/master/img/pop_up/Explain_128.png,img/rec_fig/128.png,Eco-retrofit Ealing,32.00,2.00,116.13,0.23,0.95,0.15,1.31,0.20,1.04,0.15,3.60,0.81,37.58,5.00,2.61,0.59
128,https://raw.githubusercontent.com/Saem-repo/remodel_app/master/img/pop_up/Explain_129.png,img/rec_fig/129.png,Eco-retrofit Orpington,52.00,2.00,94.76,0.32,0.95,0.35,1.31,0.45,1.04,0.25,3.60,0.70,37.58,5.00,2.61,0.59
129,https://raw.githubusercontent.com/Saem-repo/remodel_app/master/img/pop_up/Explain_130.png,img/rec_fig/130.png,Eltham,52.00,2.00,94.76,0.32,0.95,0.35,1.31,0.45,1.04,0.25,3.60,0.70,37.58,5.00,2.61,0.59
130,https://raw.githubusercontent.com/Saem-repo/remodel_app/master/img/pop_up/Explain_131.png,img/rec_fig/131.png,Enfield Homes retrofit,52.00,2.00,94.76,0.32,0.95,0.35,1.31,0.45,1.04,0.25,3.60,0.70,37.58,5.00,2.61,0.59
131,https://raw.githubusercontent.com/Saem-repo/remodel_app/master/img/pop_up/Explain_132.png,img/rec_fig/132.png,Flagship Retrofit,62.00,2.00,62.71,0.71,0.95,0.35,1.31,0.45,1.04,0.25,3.60,3.30,37.58,5.00,2.61,0.59
132,https://raw.githubusercontent.com/Saem-repo/remodel_app/master/img/pop_up/Explain_133.png,img/rec_fig/133.png,Gentoo Retrofit,50.00,2.00,78.04,0.79,0.95,0.13,1.31,0.45,1.04,0.11,3.60,1.10,37.58,5.00,2.61,0.59
133,https://raw.githubusercontent.com/Saem-repo/remodel_app/master/img/pop_up/Explain_134.png,img/rec_fig/134.png,Gentoo Retrofit Bid 2,50.00,2.00,78.04,0.87,0.95,0.13,1.31,0.45,1.04,0.11,3.60,1.10,37.58,5.00,2.61,0.59
134,https://raw.githubusercontent.com/Saem-repo/remodel_app/master/img/pop_up/Explain_135.png,img/rec_fig/135.png,Gentoo Retrofit Bid 3,50.00,2.00,64.10,0.80,0.95,0.13,1.31,0.45,1.04,0.11,3.60,1.10,37.58,5.00,2.61,0.59
135,https://raw.githubusercontent.com/Saem-repo/remodel_app/master/img/pop_up/Explain_136.png,img/rec_fig/136.png,Green Structures(PCM),32.00,2.00,100.34,0.92,0.95,0.20,1.31,0.45,1.04,0.25,3.60,0.50,37.58,5.00,2.61,0.59
136,https://raw.githubusercontent.com/Saem-repo/remodel_app/master/img/pop_up/Explain_137.png,img/rec_fig/137.png,Grove Cottage,83.00,2.00,134.71,0.57,0.95,0.35,1.31,0.45,1.04,0.25,3.60,3.30,37.58,5.00,2.61,0.59
137,https://raw.githubusercontent.com/Saem-repo/remodel_app/master/img/pop_up/Explain_138.png,img/rec_fig/138.png,Hanley,83.00,2.00,134.71,0.57,0.95,0.35,1.31,0.45,1.04,0.25,3.60,3.30,37.58,5.00,2.61,0.59
138,https://raw.githubusercontent.com/Saem-repo/remodel_app/master/img/pop_up/Explain_139.png,img/rec_fig/139.png,Hard to Heat Homes,46.00,2.00,48.31,0.69,0.95,0.15,1.31,0.15,1.04,0.09,3.60,0.80,37.58,5.00,2.61,0.59
139,https://raw.githubusercontent.com/Saem-repo/remodel_app/master/img/pop_up/Explain_140.png,img/rec_fig/140.png,Harrow Road Retrofit,31.00,2.00,124.95,0.69,0.95,0.13,1.31,0.45,1.04,0.10,3.60,3.30,37.58,5.00,2.61,0.59
140,https://raw.githubusercontent.com/Saem-repo/remodel_app/master/img/pop_up/Explain_141.png,img/rec_fig/141.png,Hounslow Council,32.00,2.00,84.54,0.89,0.95,0.10,1.31,0.80,1.04,0.11,3.60,0.70,37.58,5.00,2.61,0.59
141,https://raw.githubusercontent.com/Saem-repo/remodel_app/master/img/pop_up/Explain_142.png,img/rec_fig/142.png,Hounslow Passivhaus Retrofit,32.00,2.00,84.54,0.87,0.95,0.35,1.31,0.45,1.04,0.25,3.60,0.70,37.58,5.00,2.61,0.59
142,https://raw.githubusercontent.com/Saem-repo/remodel_app/master/img/pop_up/Explain_143.png,img/rec_fig/143.png,Ilford,32.00,2.00,84.54,0.87,0.95,0.35,1.31,0.45,1.04,0.25,3.60,0.70,37.58,5.00,2.61,0.59
143,https://raw.githubusercontent.com/Saem-repo/remodel_app/master/img/pop_up/Explain_144.png,img/rec_fig/144.png,Property in Whitehaven,48.00,2.00,76.18,0.79,0.95,0.15,1.31,0.20,1.04,0.10,3.60,0.70,37.58,5.00,2.61,0.59
144,https://raw.githubusercontent.com/Saem-repo/remodel_app/master/img/pop_up/Explain_145.png,img/rec_fig/145.png,Inspiration Birmingham 2020,85.00,2.00,158.86,0.77,0.95,0.20,1.31,0.45,1.04,0.25,3.60,0.70,37.58,5.00,2.61,0.59
145,https://raw.githubusercontent.com/Saem-repo/remodel_app/master/img/pop_up/Explain_146.png,img/rec_fig/146.png,Prewett Bizley Architects,32.00,2.00,105.91,0.77,0.95,0.35,1.31,0.45,1.04,0.25,3.60,0.70,37.58,5.00,2.61,0.59
146,https://raw.githubusercontent.com/Saem-repo/remodel_app/master/img/pop_up/Explain_147.png,img/rec_fig/147.png,Isos Housing Group,50.00,2.00,70.61,0.82,0.95,0.25,1.31,0.17,1.04,0.08,3.60,3.30,37.58,5.00,2.61,0.59
147,https://raw.githubusercontent.com/Saem-repo/remodel_app/master/img/pop_up/Explain_148.png,img/rec_fig/148.png,L&Q Group,50.00,2.00,70.61,0.82,0.95,0.25,1.31,0.17,1.04,0.08,3.60,3.30,37.58,5.00,2.61,0.59
148,https://raw.githubusercontent.com/Saem-repo/remodel_app/master/img/pop_up/Explain_149.png,img/rec_fig/149.png,LB Greenwich,32.00,2.00,108.70,0.93,0.95,0.10,1.31,0.13,1.04,0.10,3.60,0.70,37.58,5.00,2.61,0.59
149,https://raw.githubusercontent.com/Saem-repo/remodel_app/master/img/pop_up/Explain_150.png,img/rec_fig/150.png,Lena Gardens,32.00,2.00,195.10,0.82,0.95,0.10,1.31,0.10,1.04,0.10,3.60,3.30,37.58,5.00,2.61,0.59
150,https://raw.githubusercontent.com/Saem-repo/remodel_app/master/img/pop_up/Explain_151.png,img/rec_fig/151.png,Leicester Housing Association,31.00,2.00,87.33,0.56,0.95,0.35,1.31,0.45,1.04,0.25,3.60,3.30,37.58,5.00,2.61,0.59
151,https://raw.githubusercontent.com/Saem-repo/remodel_app/master/img/pop_up/Explain_152.png,img/rec_fig/152.png,Hastoe Housing Association,51.00,2.00,51.10,0.93,0.95,0.35,1.31,0.47,1.04,0.25,3.60,3.30,37.58,5.00,2.61,0.59
152,https://raw.githubusercontent.com/Saem-repo/remodel_app/master/img/pop_up/Explain_153.png,img/rec_fig/153.png,Low Carbon Sheppey,52.00,2.00,74.32,0.55,0.95,0.20,1.31,0.40,1.04,0.10,3.60,1.10,37.58,5.00,2.61,0.59
153,https://raw.githubusercontent.com/Saem-repo/remodel_app/master/img/pop_up/Explain_154.png,img/rec_fig/154.png,Hay Tor,53.00,2.00,78.50,0.49,0.95,0.21,1.31,0.19,1.04,0.25,3.60,1.00,37.58,5.00,2.61,0.59
154,https://raw.githubusercontent.com/Saem-repo/remodel_app/master/img/pop_up/Explain_155.png,img/rec_fig/155.png,Metropolitan Housing Trust,32.00,2.00,109.63,0.71,0.95,0.35,1.31,0.45,1.04,0.25,3.60,0.70,37.58,5.00,2.61,0.59
155,https://raw.githubusercontent.com/Saem-repo/remodel_app/master/img/pop_up/Explain_156.png,img/rec_fig/156.png,Castle Rock Edinvar,32.00,2.00,75.25,0.46,0.95,0.35,1.31,0.45,1.04,0.25,3.60,3.30,37.58,5.00,2.61,0.59
156,https://raw.githubusercontent.com/Saem-repo/remodel_app/master/img/pop_up/Explain_157.png,img/rec_fig/157.png,One Planet Sutton,54.00,2.00,74.32,0.61,0.95,0.20,1.31,0.12,1.04,0.13,3.60,1.38,37.58,5.00,2.61,0.59
157,https://raw.githubusercontent.com/Saem-repo/remodel_app/master/img/pop_up/Explain_158.png,img/rec_fig/158.png,Plus Dane Group,55.00,2.00,89.19,0.60,0.95,0.11,1.31,0.12,1.04,0.15,3.60,3.30,37.58,5.00,2.61,0.59
158,https://raw.githubusercontent.com/Saem-repo/remodel_app/master/img/pop_up/Explain_159.png,img/rec_fig/159.png,Peabody,32.00,2.00,97.55,0.57,0.95,0.11,1.31,0.45,1.04,0.25,3.60,0.80,37.58,5.00,2.61,0.59
159,https://raw.githubusercontent.com/Saem-repo/remodel_app/master/img/pop_up/Explain_160.png,img/rec_fig/160.png,Peterborough EnviroCluster,34.00,2.00,76.18,0.69,0.95,0.16,1.31,0.45,1.04,0.10,3.60,0.80,37.58,5.00,2.61,0.59
160,https://raw.githubusercontent.com/Saem-repo/remodel_app/master/img/pop_up/Explain_161.png,img/rec_fig/161.png,Dartford Borough Council,52.00,2.00,60.39,0.38,0.95,0.12,1.31,0.17,1.04,0.13,3.60,1.50,37.58,5.00,2.61,0.59
161,https://raw.githubusercontent.com/Saem-repo/remodel_app/master/img/pop_up/Explain_162.png,img/rec_fig/162.png,Redlands,33.00,2.00,150.50,0.56,0.95,0.35,1.31,0.45,1.04,0.25,3.60,3.30,37.58,5.00,2.61,0.59
162,https://raw.githubusercontent.com/Saem-repo/remodel_app/master/img/pop_up/Explain_163.png,img/rec_fig/163.png,Powys County Council,64.00,2.00,81.75,0.79,0.95,0.14,1.31,0.45,1.04,0.25,3.60,0.70,37.58,5.00,2.61,0.59
163,https://raw.githubusercontent.com/Saem-repo/remodel_app/master/img/pop_up/Explain_164.png,img/rec_fig/164.png,White Design Associates,35.00,2.00,69.68,0.85,0.95,0.35,1.31,0.45,1.04,0.25,3.60,3.30,37.58,5.00,2.61,0.59
164,https://raw.githubusercontent.com/Saem-repo/remodel_app/master/img/pop_up/Explain_165.png,img/rec_fig/165.png,Appledore,35.00,2.00,69.68,0.85,0.95,0.35,1.31,0.45,1.04,0.25,3.60,3.30,37.58,5.00,2.61,0.59
165,https://raw.githubusercontent.com/Saem-repo/remodel_app/master/img/pop_up/Explain_166.png,img/rec_fig/166.png,Hockerton Housing Project Trading,84.00,2.00,84.08,0.84,0.95,0.35,1.31,0.45,1.04,0.25,3.60,3.30,37.58,5.00,2.61,0.59
166,https://raw.githubusercontent.com/Saem-repo/remodel_app/master/img/pop_up/Explain_167.png,img/rec_fig/167.png,Victorian mid-terrace,56.00,2.00,60.39,0.20,0.95,0.35,1.31,0.45,1.04,0.25,3.60,3.30,37.58,5.00,2.61,0.59
167,https://raw.githubusercontent.com/Saem-repo/remodel_app/master/img/pop_up/Explain_168.png,img/rec_fig/168.png,Cottages,56.00,2.00,60.39,0.20,0.95,0.35,1.31,0.45,1.04,0.25,3.60,3.30,37.58,5.00,2.61,0.59
168,https://raw.githubusercontent.com/Saem-repo/remodel_app/master/img/pop_up/Explain_169.png,img/rec_fig/169.png,Home in Scotland,86.00,2.00,77.39,0.78,0.95,0.17,1.31,0.20,1.04,0.10,3.60,3.30,37.58,5.00,2.61,0.59
169,https://raw.githubusercontent.com/Saem-repo/remodel_app/master/img/pop_up/Explain_170.png,img/rec_fig/170.png,A+G Architects,57.00,2.00,91.97,0.79,0.95,0.09,1.31,0.45,1.04,0.25,3.60,3.30,37.58,5.00,2.61,0.59
170,https://raw.githubusercontent.com/Saem-repo/remodel_app/master/img/pop_up/Explain_171.png,img/rec_fig/171.png,Riverside HA,48.00,2.00,64.10,0.82,0.95,0.19,1.31,0.17,1.04,0.10,3.60,3.30,37.58,5.00,2.61,0.59
171,https://raw.githubusercontent.com/Saem-repo/remodel_app/master/img/pop_up/Explain_172.png,img/rec_fig/172.png,Brampton retrofit,58.00,2.00,79.90,0.72,0.95,0.35,1.31,0.45,1.04,0.25,3.60,3.30,37.58,5.00,2.61,0.59
172,https://raw.githubusercontent.com/Saem-repo/remodel_app/master/img/pop_up/Explain_173.png,img/rec_fig/173.png,Encraft Ltd,59.00,2.00,79.90,0.73,0.95,0.15,1.31,0.45,1.04,0.25,3.60,0.90,37.58,5.00,2.61,0.59
173,https://raw.githubusercontent.com/Saem-repo/remodel_app/master/img/pop_up/Explain_174.png,img/rec_fig/174.png,Victory Housing Trust,60.00,2.00,85.94,0.63,0.95,0.17,1.31,0.45,1.04,0.12,3.60,1.10,37.58,5.00,2.61,0.59
174,https://raw.githubusercontent.com/Saem-repo/remodel_app/master/img/pop_up/Explain_175.png,img/rec_fig/175.png,RCT Homes,64.00,2.00,74.32,0.72,0.95,0.35,1.31,0.45,1.04,0.25,3.60,3.30,37.58,5.00,2.61,0.59
175,https://raw.githubusercontent.com/Saem-repo/remodel_app/master/img/pop_up/Explain_176.png,img/rec_fig/176.png,SNW Home retrofit - Crawley,38.00,2.00,83.61,0.70,0.95,0.35,1.31,0.38,1.04,0.25,3.60,3.30,37.58,5.00,2.61,0.59
176,https://raw.githubusercontent.com/Saem-repo/remodel_app/master/img/pop_up/Explain_177.png,img/rec_fig/177.png,SOLAR HOUSE 80/50,61.00,2.00,99.41,0.44,0.95,0.21,1.31,0.16,1.04,0.15,3.60,1.20,37.58,5.00,2.61,0.59
177,https://raw.githubusercontent.com/Saem-repo/remodel_app/master/img/pop_up/Explain_178.png,img/rec_fig/178.png,Victorian house,32.00,2.00,87.33,0.50,0.95,0.21,1.31,0.16,1.04,0.15,3.60,1.20,37.58,5.00,2.61,0.59
178,https://raw.githubusercontent.com/Saem-repo/remodel_app/master/img/pop_up/Explain_179.png,img/rec_fig/179.png,Holistic Optimal Retrofit,64.00,2.00,57.97,0.80,0.95,0.35,1.31,0.45,1.04,0.25,3.60,1.10,37.58,5.00,2.61,0.59
179,https://raw.githubusercontent.com/Saem-repo/remodel_app/master/img/pop_up/Explain_180.png,img/rec_fig/180.png,South Chingford - Ascham Homes,32.00,2.00,104.98,0.70,0.95,0.16,1.31,0.45,1.04,0.25,3.60,3.30,37.58,5.00,2.61,0.59
180,https://raw.githubusercontent.com/Saem-repo/remodel_app/master/img/pop_up/Explain_181.png,img/rec_fig/181.png,Yorkshire Housing,58.00,2.00,75.25,0.69,0.95,0.25,1.31,0.40,1.04,0.13,3.60,3.30,37.58,5.00,2.61,0.59
181,https://raw.githubusercontent.com/Saem-repo/remodel_app/master/img/pop_up/Explain_182.png,img/rec_fig/182.png,Thamesmead Retrofit House,32.00,2.00,175.12,0.80,0.95,0.10,1.31,0.45,1.04,0.10,3.60,0.80,37.58,5.00,2.61,0.59
182,https://raw.githubusercontent.com/Saem-repo/remodel_app/master/img/pop_up/Explain_183.png,img/rec_fig/183.png,Melin Homes,64.00,2.00,85.47,0.73,0.95,0.16,1.31,0.23,1.04,0.12,3.60,0.80,37.58,5.00,2.61,0.59
183,https://raw.githubusercontent.com/Saem-repo/remodel_app/master/img/pop_up/Explain_184.png,img/rec_fig/184.png,The Oxford Whole House Carbon Reduction Project,57.00,2.00,77.11,0.68,0.95,0.10,1.31,0.20,1.04,0.10,3.60,3.30,37.58,5.00,2.61,0.59
184,https://raw.githubusercontent.com/Saem-repo/remodel_app/master/img/pop_up/Explain_185.png,img/rec_fig/185.png,Tower Hamlets,32.00,2.00,104.05,0.65,0.95,0.35,1.31,0.45,1.04,0.25,3.60,3.30,37.58,5.00,2.61,0.59
185,https://raw.githubusercontent.com/Saem-repo/remodel_app/master/img/pop_up/Explain_186.png,img/rec_fig/186.png,Tunbridge Wells,52.00,2.00,77.11,0.70,0.95,0.14,1.31,0.48,1.04,0.10,3.60,0.80,37.58,5.00,2.61,0.59
186,https://raw.githubusercontent.com/Saem-repo/remodel_app/master/img/pop_up/Explain_187.png,img/rec_fig/187.png,WHISCERS,32.00,2.00,113.34,0.58,0.95,0.35,1.31,0.45,1.04,0.25,3.60,3.30,37.58,5.00,2.61,0.59
187,https://raw.githubusercontent.com/Saem-repo/remodel_app/master/img/pop_up/Explain_188.png,img/rec_fig/188.png,Wakefield and District Housing Kettlethorpe retrofit 2,58.00,2.00,82.68,0.63,0.95,0.35,1.31,0.45,1.04,0.25,3.60,3.30,37.58,5.00,2.61,0.59
188,https://raw.githubusercontent.com/Saem-repo/remodel_app/master/img/pop_up/Explain_189.png,img/rec_fig/189.png,Two Piers Housing Co-Operative,39.00,2.00,177.44,0.81,0.95,0.15,1.31,0.14,1.04,0.10,3.60,3.30,37.58,5.00,2.61,0.59
189,https://raw.githubusercontent.com/Saem-repo/remodel_app/master/img/pop_up/Explain_190.png,img/rec_fig/190.png,Crawley Homes,38.00,2.00,78.97,0.71,0.95,0.15,1.31,0.38,1.04,0.25,3.60,3.30,37.58,5.00,2.61,0.59
190,https://raw.githubusercontent.com/Saem-repo/remodel_app/master/img/pop_up/Explain_191.png,img/rec_fig/191.png,Princedale Road,32.00,2.00,0.00,0.49,0.95,0.35,1.31,0.45,1.04,0.25,3.60,0.70,37.58,5.00,2.61,0.59
191,https://raw.githubusercontent.com/Saem-repo/remodel_app/master/img/pop_up/Explain_192.png,img/rec_fig/192.png,Mosaic Midmoor Road,32.00,2.00,0.00,0.67,0.95,0.35,1.31,0.45,1.04,0.25,3.60,0.70,37.58,5.00,2.61,0.59
192,https://raw.githubusercontent.com/Saem-repo/remodel_app/master/img/pop_up/Explain_193.png,img/rec_fig/193.png,Penzance,41.00,2.00,0.00,0.79,0.95,0.35,1.31,0.45,1.04,0.25,3.60,0.70,37.58,5.00,2.61,0.59
193,https://raw.githubusercontent.com/Saem-repo/remodel_app/master/img/pop_up/Explain_194.png,img/rec_fig/194.png,406 Collins Street,65.00,11.00,4004.12,0.50,0.95,0.45,1.31,0.45,1.04,0.25,3.60,3.30,37.58,5.00,2.61,0.59
194,https://raw.githubusercontent.com/Saem-repo/remodel_app/master/img/pop_up/Explain_195.png,img/rec_fig/195.png,182 Capel Street,65.00,11.00,1600.72,0.50,0.95,0.45,1.31,0.45,1.04,0.25,3.60,3.30,37.58,5.00,2.61,0.59
195,https://raw.githubusercontent.com/Saem-repo/remodel_app/master/img/pop_up/Explain_196.png,img/rec_fig/196.png,Council House 2 (CH2),65.00,11.00,1600.72,0.50,0.95,0.45,1.31,0.45,1.04,0.25,3.60,3.30,37.58,5.00,2.61,0.59
196,https://raw.githubusercontent.com/Saem-repo/remodel_app/master/img/pop_up/Explain_197.png,img/rec_fig/197.png,1525 WILSON BOULEVARD,30.00,11.00,29109.95,0.25,0.95,0.45,1.31,0.45,1.04,0.25,3.60,0.70,37.58,5.00,2.61,0.59
197,https://raw.githubusercontent.com/Saem-repo/remodel_app/master/img/pop_up/Explain_198.png,img/rec_fig/198.png,Johann B?mstrasse 34 + 36,67.00,2.00,2844.97,0.72,0.95,0.87,1.31,0.45,1.04,0.87,3.60,0.87,37.58,5.00,2.61,0.59
198,https://raw.githubusercontent.com/Saem-repo/remodel_app/master/img/pop_up/Explain_199.png,img/rec_fig/199.png,Vester Voldgade.DK,68.00,11.00,6734.54,0.50,0.95,1.23,1.31,0.45,1.04,0.18,3.60,2.00,37.58,5.00,2.61,0.59
199,https://raw.githubusercontent.com/Saem-repo/remodel_app/master/img/pop_up/Explain_200.png,img/rec_fig/200.png,PHI_GAG_Hoheloog_Ludwigshafen,75.00,2.00,960.15,0.94,0.95,0.10,1.31,0.17,1.04,0.10,3.60,0.80,37.58,5.00,2.61,0.59
200,https://raw.githubusercontent.com/Saem-repo/remodel_app/master/img/pop_up/Explain_201.png,img/rec_fig/201.png,Factor10_N?nberg,76.00,2.00,960.15,0.84,0.95,0.35,1.31,0.45,1.04,0.25,3.60,0.70,37.58,5.00,2.61,0.59
201,https://raw.githubusercontent.com/Saem-repo/remodel_app/master/img/pop_up/Explain_202.png,img/rec_fig/202.png,Gym Ostfildern,77.00,10.00,2439.91,0.55,0.95,0.20,1.31,0.45,1.04,0.20,3.60,1.29,37.58,5.00,2.61,0.59
202,https://raw.githubusercontent.com/Saem-repo/remodel_app/master/img/pop_up/Explain_203.png,img/rec_fig/203.png,Angela School,78.00,7.00,2670.03,0.78,0.95,0.45,1.31,0.45,1.04,0.25,3.60,0.70,37.58,5.00,2.61,0.59
203,https://raw.githubusercontent.com/Saem-repo/remodel_app/master/img/pop_up/Explain_204.png,img/rec_fig/204.png,Friedrich-Fr?el-School Olbersdorf,79.00,7.00,5610.41,0.74,0.95,0.45,1.31,0.45,1.04,0.25,3.60,3.30,37.58,5.00,2.61,0.59
204,https://raw.githubusercontent.com/Saem-repo/remodel_app/master/img/pop_up/Explain_205.png,img/rec_fig/205.png,High School Passive House,82.00,7.00,1016.36,0.90,0.95,0.45,1.31,0.45,1.04,0.25,3.60,3.30,37.58,5.00,2.61,0.59
205,https://raw.githubusercontent.com/Saem-repo/remodel_app/master/img/pop_up/Explain_206.png,img/rec_fig/206.png,Riga,82.00,7.00,1016.36,0.90,0.95,0.45,1.31,0.45,1.04,0.25,3.60,3.30,37.58,5.00,2.61,0.59
206,https://raw.githubusercontent.com/Saem-repo/remodel_app/master/img/pop_up/Explain_207.png,img/rec_fig/207.png,The Mildmay Centre,32.00,11.00,665.19,0.85,0.95,0.45,1.31,0.45,1.04,0.25,3.60,3.30,37.58,5.00,2.61,0.59
207,https://raw.githubusercontent.com/Saem-repo/remodel_app/master/img/pop_up/Explain_208.png,img/rec_fig/208.png,Grand Junction,22.00,11.00,3861.05,0.99,0.95,0.09,1.31,0.45,1.04,0.30,3.60,3.30,37.58,5.00,2.61,0.59
208,https://raw.githubusercontent.com/Saem-repo/remodel_app/master/img/pop_up/Explain_209.png,img/rec_fig/209.png,Silver Spring and Lanham,29.00,11.00,14643.56,0.47,0.95,0.45,1.31,0.45,1.04,0.25,3.60,3.30,37.58,5.00,2.61,0.59
